,,,,,Prämien – Grundversicherung,,,,,,,
,,,,,Primes – Assurance de base,,,,,,,
Mit Unfall / avec risque accidents,,,,,,2024,VD,Ohne Unfall / sans risque accidents,,,,
Franchise / Franchise,,,,,,Erwachsene / Adultes,,,,Franchise / Franchise,,
300,500,1000,1500,2000,2500,Region / Région 1,300,500,1000,1500,2000,2500
606.8,595.1,566,536.8,507.6,478.5,Agrisano,576.5,565.3,537.7,510,482.2,454.6
604.4,592.8,563.6,534.5,505.3,476.1,Aquilana,562.1,551.4,524.2,497.1,470,442.8
616.3,604.7,575.5,546.3,517.2,488,Assura,573.2,562.4,535.3,508.1,481,453.9
586.7,575.1,545.9,516.7,487.6,458.4,Atupri,557.4,546.3,518.6,490.9,463.2,435.5
640.7,629.2,600.2,570.7,541.7,512.7,Avenir,595.9,585.2,558.2,530.8,503.8,476.9
619.9,608.3,579.1,549.9,520.8,491.6,Concordia,585.9,574.9,547.3,519.7,492.2,464.6
633,621.4,592.2,563,533.9,504.7,CSS,588.7,577.9,550.7,523.6,496.5,469.4
648.7,637.2,608.2,578.7,549.7,520.7,Easy Sana,603.3,592.6,565.7,538.2,511.3,484.3
669.4,657.8,628.6,599.4,570.3,541.1,EGK,629.3,618.4,590.9,563.5,536.1,508.7
871,859.3,830.2,801,771.8,742.7,Galenos,810.1,799.2,772.1,745,717.8,690.7
631,619.4,590.2,561,531.9,502.7,Helsana,586.9,576.1,548.9,521.8,494.7,467.6
660.7,651.3,628,604.7,581.3,558,KLuG,640.9,631.8,609.2,586.5,563.9,541.3
645.8,634.2,605,575.8,,517.5,KPT,600.6,589.8,562.7,535.5,,481.3
645.4,633.9,604.9,575.4,546.4,517.4,Mutuel,600.3,589.6,562.6,535.2,508.2,481.2
626,614.4,585.2,556,526.9,497.7,ÖKK,582.2,571.4,544.3,517.1,490.1,462.9
676.8,665.3,636.3,606.8,577.8,548.8,Philos,629.5,618.8,591.8,564.4,537.4,510.4
674.4,662.7,633.6,604.4,575.2,546.1,Rhenusana,627.2,616.4,589.3,562.1,535,507.9
618.7,607,577.9,548.7,519.5,490.4,Sana24,578.3,567.3,540.1,512.8,485.6,458.3
642.6,631,601.8,572.6,543.5,514.3,Sanitas,598.3,587.5,560.3,533.1,506,478.9
662.3,650.8,621.8,592.3,563.3,534.3,Supra,616,605.3,578.3,550.9,523.9,496.9
692.5,680.9,651.7,622.5,593.4,564.2,Swica,644.1,633.2,606.1,579,551.9,524.7
680.2,673.5,639.4,610.2,581,551.9,Visana,635.7,629.5,597.6,570.3,543,515.8
596,585.3,560.3,530.5,500.7,470.9,Vita Surselva,592.4,581.8,556.9,527.3,497.7,468
672.2,660.5,631.4,602.2,573,543.9,Vivacare,628.3,617.3,590.1,562.8,535.6,508.3
616,604.4,575.2,546,516.9,487.7,Vivao Sympany,572.9,562.1,535,507.8,480.8,453.6
"Bundesamt für Gesundheit, 3003 Bern",,,,,,,,September 2023,,,,
"Office fédéral de la santé publique, 3003 Berne",,,,,,1/28,,Septembre 2023,,review-2023-09-24,,
,,,,,Prämien – Grundversicherung,,,,,,,
,,,,,Primes – Assurance de base,,,,,,,
Mit Unfall / avec risque accidents,,,,,,2024,VD,Ohne Unfall / sans risque accidents,,,,
Franchise / Franchise,,,,,,Erwachsene / Adultes,,,,Franchise / Franchise,,
300,500,1000,1500,2000,2500,Region / Région 2,300,500,1000,1500,2000,2500
530.4,518.7,489.6,460.4,431.2,402.1,Agrisano,503.9,492.8,465.1,437.4,409.6,382
575.5,563.9,534.7,505.6,476.4,447.2,Aquilana,535.3,524.5,497.3,470.3,443.1,415.9
564,552.4,523.2,494,464.9,435.7,Assura,524.6,513.8,486.6,459.5,432.4,405.3
561.5,549.9,520.7,491.5,462.4,433.2,Atupri,533.4,522.4,494.7,466.9,439.3,411.5
595.9,584.4,555.4,525.9,496.9,467.9,Avenir,554.2,543.5,516.6,489.1,462.2,435.2
588.5,576.9,547.7,518.5,489.4,460.2,Concordia,556.2,545.2,517.6,490,462.5,434.9
597,585.4,556.2,527,497.9,468.7,CSS,555.2,544.4,517.3,490.1,463,435.9
603.3,591.8,562.8,533.3,504.3,475.3,Easy Sana,561.1,550.4,523.5,496,469,442.1
579.1,567.4,538.2,509.1,479.9,450.7,EGK,544.4,533.4,506,478.6,451.2,423.7
792.8,781.1,752,722.8,693.6,664.5,Galenos,737.3,726.5,699.4,672.2,645.1,618
602,590.4,561.2,532,502.9,473.7,Helsana,559.9,549.1,522,494.8,467.7,440.6
618.2,608.9,585.6,562.2,538.9,515.6,KLuG,599.7,590.6,568,545.4,522.7,500.1
578.6,567,537.8,508.6,,450.3,KPT,538.1,527.3,500.2,473,,418.8
606.7,595.2,566.2,536.7,507.7,478.7,Mutuel,564.3,553.6,526.6,499.2,472.2,445.2
596,584.4,555.2,526,496.9,467.7,ÖKK,554.3,543.5,516.4,489.2,462.2,435
595.6,584.1,555.1,525.6,496.6,467.6,Philos,554,543.3,516.3,488.9,461.9,434.9
646.5,634.8,605.7,576.5,547.3,518.2,Rhenusana,601.3,590.4,563.4,536.2,509,482
589.4,577.7,548.6,519.4,490.2,461.1,Sana24,550.9,540,512.7,485.4,458.2,430.9
639.2,627.6,598.4,569.2,540.1,510.9,Sanitas,595.1,584.3,557.2,530,502.9,475.7
622.6,611.1,582.1,552.6,523.6,494.6,Supra,579.1,568.4,541.4,514,487,460
665.3,653.7,624.5,595.3,566.2,537,Swica,618.8,607.9,580.8,553.7,526.6,499.4
652.8,646.1,612,582.8,553.6,524.5,Visana,610.1,603.9,572,544.7,517.4,490.2
562,550.8,522.7,494.6,466.5,438.4,Vita Surselva,558.7,547.5,519.5,491.6,463.7,435.7
636.9,625.2,596.1,566.9,537.7,508.6,Vivacare,595.3,584.4,557.1,529.8,502.6,475.3
627,615.4,586.2,557,527.9,498.7,Vivao Sympany,583.2,572.4,545.2,518.1,491,463.8
"Bundesamt für Gesundheit, 3003 Bern",,,,,,,,September 2023,,,,
"Office fédéral de la santé publique, 3003 Berne",,,,,,2/28,,Septembre 2023,,review-2023-09-24,,
,,,Prämien – Weitere Versicherungsmodelle,,,,,,,,,
,,,,Primes – Autres modèles d'assurance,,,,,,,,
Mit Unfall / avec risque accidents,,,,,,2024,VD,Ohne Unfall / sans risque accidents,,,,
Franchise / Franchise,,,,,,Erwachsene / Adultes,,,,Franchise / Franchise,,
300,500,1000,1500,2000,2500,Region / Région 1,300,500,1000,1500,2000,2500
525.9,515.9,490.5,465.1,434.7,400,"Aquilana, SMARTMED",489.1,479.8,456.2,432.6,404.3,372
542.4,530.8,501.6,472.4,443.3,414.1,"Assura, Gesundheitnetz",504.5,493.7,466.5,439.4,412.3,385.2
533.9,522.3,493.1,463.9,434.8,405.6,"Atupri, SmartCare",507.2,496.2,468.4,440.7,413.1,385.3
545.6,534,504.8,475.6,446.5,417.3,"Atupri, TelFirst",518.3,507.3,479.6,451.8,424.2,396.4
531.8,520.3,491.3,461.8,432.8,403.8,"Avenir, PrimaFlex",494.6,483.9,457,429.5,402.6,375.6
570.3,558.8,529.8,500.3,471.3,442.3,"Avenir, SanaTel",530.4,519.7,492.8,465.3,438.4,411.4
530.1,518.5,489.3,460.1,431,401.8,"Concordia, smartDoc",501,490,462.4,434.8,407.3,379.8
569.7,558.1,528.9,499.7,470.6,441.4,"CSS, Callmed",529.8,519,491.9,464.7,437.7,410.5
557.9,546.4,517.4,487.9,458.9,429.9,"Easy Sana, PrimaFlex",518.9,508.2,481.2,453.8,426.8,399.9
577.4,565.9,536.9,507.4,478.4,449.4,"Easy Sana, SanaTel",537,526.3,499.4,471.9,445,418
589.1,577.5,548.3,519.1,490,460.8,"EGK, EGK-TelCare",553.8,542.9,515.5,488,460.6,433.2
536.3,524.7,495.5,466.3,437.2,408,"Helsana, BeneFit PLUS Telmed",498.8,488,460.9,433.7,406.6,379.5
580.5,568.9,539.7,510.5,481.4,452.2,"Helsana, Premed-24",539.9,529.1,502,474.8,447.8,420.6
573.4,561.8,532.6,503.4,,445.1,"KPT, KPTwin.easy",533.3,522.5,495.3,468.2,,413.9
604.4,592.8,563.6,534.4,,476.1,"KPT, KPTwin.win",562.1,551.3,524.1,497,,442.8
559.9,548.4,519.4,489.9,460.9,431.9,"Mutuel, PrimaFlex",520.8,510.1,483.1,455.7,428.7,401.7
548.6,537.1,508.1,478.6,449.6,420.6,"Mutuel, SanaTel",510.2,499.6,472.6,445.1,418.2,391.2
547.8,536.2,507,477.8,448.7,419.5,"ÖKK, Select",509.5,498.7,471.6,444.4,417.3,390.2
579.1,567.5,538.3,509.1,480,450.8,"ÖKK, Telemedizin",538.6,527.8,500.7,473.5,446.4,419.3
568.6,557.1,528.1,498.6,469.6,440.6,"Philos, PrimaFlex",528.8,518.2,491.2,463.7,436.8,409.8
575.3,563.8,534.8,505.3,476.3,447.3,"Philos, SanaTel",535.1,524.4,497.4,470,443,416
526,514.3,485.1,456,426.8,397.6,"Sana24, Combi Care",491.6,480.7,453.4,426.2,398.9,371.6
612.5,600.9,571.7,542.5,513.4,484.2,"Sana24, Med Call",572.5,561.6,534.3,507.1,479.8,452.5
581.6,569.9,540.8,511.6,482.4,453.3,"Sana24, Tel Doc",543.6,532.7,505.4,478.2,450.9,423.6
597.7,586.1,556.9,527.7,498.6,469.4,"Sanitas, CallMed",556.5,545.7,518.5,491.3,464.2,437.1
520.6,509,479.8,450.6,421.5,392.3,"Sanitas, CompactOne",484.7,473.9,446.7,419.6,392.5,365.3
572.9,561.4,532.4,502.9,473.9,444.9,"Supra, PrimaFlex",532.8,522.2,495.2,467.7,440.8,413.8
630.2,618.6,596.3,567.1,538,508.8,"Swica, FAVORIT TELMED",586.1,575.3,554.6,527.5,500.3,473.2
612.2,605.6,571.4,542.2,513.1,483.9,"Visana, Combi Care",572.2,566,534,506.8,479.5,452.3
673.4,666.7,632.6,603.4,574.2,545.1,"Visana, Med Call",629.4,623.1,591.2,564,536.7,509.4
564.6,558,523.8,494.6,465.5,436.3,"Visana, Tel Care",527.7,521.5,489.6,462.3,435,407.8
598.6,592,557.8,528.6,499.5,470.3,"Visana, Tel Doc",559.5,553.3,521.3,494.1,466.8,439.6
551.3,539.6,510.4,481.3,452.1,422.9,"Vivacare, Combi Care",515.2,504.3,477.1,449.8,422.6,395.3
665.5,653.8,624.6,595.5,566.3,537.1,"Vivacare, Med Call",622,611.1,583.8,556.6,529.3,502
611.7,600.1,570.9,541.7,512.6,483.4,"Vivacare, Tel Care",571.7,560.8,533.6,506.3,479.1,451.8
618.5,606.8,577.6,548.5,519.3,490.1,"Vivacare, Tel Doc",578,567.1,539.9,512.6,485.3,458.1
520.6,508.9,479.7,450.6,421.4,392.2,"Vivao Sympany, FlexHelp 24",484.2,473.3,446.2,419.1,392,364.8
"Bundesamt für Gesundheit, 3003 Bern",,,,,,,,September 2023,,,,
"Office fédéral de la santé publique, 3003 Berne",,,,,,3/28,,Septembre 2023,,review-2023-09-24,,
,,,Prämien – Weitere Versicherungsmodelle,,,,,,,,,
,,,,Primes – Autres modèles d'assurance,,,,,,,,
Mit Unfall / avec risque accidents,,,,,,2024,VD,Ohne Unfall / sans risque accidents,,,,
Franchise / Franchise,,,,,,Erwachsene / Adultes,,,,Franchise / Franchise,,
300,500,1000,1500,2000,2500,Region / Région 2,300,500,1000,1500,2000,2500
500.7,490.6,465.3,439.9,409.8,375.7,"Aquilana, SMARTMED",465.7,456.3,432.8,409.2,381.2,349.5
496.4,484.8,455.6,426.4,397.3,368.1,"Assura, Gesundheitnetz",461.7,450.9,423.8,396.6,369.5,342.4
494.1,482.5,453.3,424.1,395,365.8,"Atupri, SmartCare",469.4,458.4,430.6,402.9,375.3,347.5
494.1,482.5,453.3,424.1,395,365.8,"Atupri, TelFirst",469.4,458.4,430.6,402.9,375.3,347.5
515.5,504,475,445.5,416.5,387.5,"Avenir, PrimaFlex",479.5,468.8,441.8,414.4,387.4,360.4
530.4,518.9,489.9,460.4,431.4,402.4,"Avenir, SanaTel",493.3,482.6,455.7,428.2,401.3,374.3
503.2,491.6,462.4,433.2,404.1,374.9,"Concordia, smartDoc",475.6,464.6,437,409.4,381.9,354.3
537.3,525.7,496.5,467.3,438.2,409,"CSS, Callmed",499.7,488.9,461.7,434.6,407.5,380.4
518.9,507.4,478.4,448.9,419.9,390.9,"Easy Sana, PrimaFlex",482.6,471.9,445,417.5,390.6,363.6
537,525.5,496.5,467,438,409,"Easy Sana, SanaTel",499.5,488.8,461.8,434.4,407.4,380.4
498.1,486.5,457.3,428.1,399,369.8,"EGK, EGK-TelCare",468.3,457.4,429.9,402.5,375.1,347.7
511.7,500.1,470.9,441.7,412.6,383.4,"Helsana, BeneFit PLUS Telmed",475.9,465.1,438,410.8,383.8,356.6
553.8,542.2,513,483.8,454.7,425.5,"Helsana, Premed-24",515.1,504.3,477.1,450,422.9,395.8
515.6,504,474.8,445.6,,387.3,"KPT, KPTwin.easy",479.5,468.7,441.6,414.4,,360.2
542.6,531,501.8,472.6,,414.3,"KPT, KPTwin.win",504.6,493.8,466.7,439.5,,385.3
526.3,514.8,485.8,456.3,427.3,398.3,"Mutuel, PrimaFlex",489.5,478.8,451.8,424.4,397.4,370.5
515.7,504.2,475.2,445.7,416.7,387.7,"Mutuel, SanaTel",479.7,469,442,414.6,387.6,360.6
521.5,509.9,480.7,451.5,422.4,393.2,"ÖKK, Select",485,474.3,447.1,419.9,392.9,365.7
551.3,539.7,510.5,481.3,452.2,423,"ÖKK, Telemedizin",512.8,502,474.8,447.7,420.6,393.4
500.3,488.8,459.8,430.3,401.3,372.3,"Philos, PrimaFlex",465.3,454.6,427.7,400.2,373.3,346.3
506.3,494.8,465.8,436.3,407.3,378.3,"Philos, SanaTel",470.9,460.2,433.2,405.8,378.8,351.9
495.2,483.5,454.3,425.2,396,366.8,"Sana24, Combi Care",462.8,451.9,424.6,397.4,370.1,342.9
583.5,571.8,542.7,513.5,484.3,455.2,"Sana24, Med Call",545.4,534.5,507.2,479.9,452.7,425.4
554.1,542.4,513.2,484.1,454.9,425.7,"Sana24, Tel Doc",517.8,506.9,479.7,452.4,425.2,397.9
594.5,582.9,553.7,524.5,495.4,466.2,"Sanitas, CallMed",553.5,542.7,515.5,488.4,461.3,434.1
524.2,512.6,483.4,454.2,425.1,395.9,"Sanitas, CompactOne",488.1,477.3,450.1,422.9,395.8,368.6
538.6,527.1,498.1,468.6,439.6,410.6,"Supra, PrimaFlex",500.9,490.3,463.3,435.8,408.9,381.9
605.5,593.8,571.3,542.1,513,483.8,"Swica, FAVORIT TELMED",563.1,552.2,531.3,504.2,477.1,449.9
587.6,580.9,546.7,517.6,488.4,459.2,"Visana, Combi Care",549.1,542.9,511,483.7,456.5,429.2
646.3,639.6,605.4,576.3,547.1,517.9,"Visana, Med Call",604,597.8,565.9,538.6,511.3,484.1
541.9,535.2,501.1,471.9,442.7,413.6,"Visana, Tel Care",506.5,500.2,468.3,441,413.8,386.5
574.5,567.8,533.7,504.5,475.3,446.2,"Visana, Tel Doc",537,530.7,498.8,471.5,444.3,417
522.3,510.7,481.5,452.3,423.2,394,"Vivacare, Combi Care",488.2,477.3,450,422.8,395.5,368.2
630.5,618.9,589.7,560.5,531.4,502.2,"Vivacare, Med Call",589.3,578.4,551.1,523.9,496.6,469.4
579.6,567.9,538.8,509.6,480.4,451.3,"Vivacare, Tel Care",541.7,530.8,503.6,476.3,449,421.8
586,574.3,545.1,516,486.8,457.6,"Vivacare, Tel Doc",547.7,536.8,509.5,482.3,455,427.7
529.9,518.2,489,459.9,430.7,401.5,"Vivao Sympany, FlexHelp 24",492.9,482,454.8,427.8,400.6,373.4
"Bundesamt für Gesundheit, 3003 Bern",,,,,,,,September 2023,,,,
"Office fédéral de la santé publique, 3003 Berne",,,,,,4/28,,Septembre 2023,,review-2023-09-24,,
,,,,,Prämien – Hausarztmodell,,,,,,,
,,,,,Primes – Médecin de famille,,,,,,,
Mit Unfall / avec risque accidents,,,,,,2024,VD,Ohne Unfall / sans risque accidents,,,,
Franchise / Franchise,,,,,,Erwachsene / Adultes,,,,Franchise / Franchise,,
300,500,1000,1500,2000,2500,Region / Région 1,300,500,1000,1500,2000,2500
548.6,537,507.8,478.6,449.5,420.3,"Assura, Hausarzt Modell",510.2,499.5,472.3,445.1,418.1,390.9
545.5,533.9,504.7,475.5,446.4,417.2,"Assura, PharMed",507.4,496.6,469.4,442.3,415.2,388
585.5,573.9,544.7,515.5,486.4,457.2,"Assura, PreventoMed",544.6,533.8,506.6,479.5,452.4,425.2
539.3,527.7,498.5,469.3,440.2,411,"Assura, Qualimed",501.6,490.8,463.7,436.5,409.4,382.3
563.9,552.4,523.4,493.9,464.9,435.9,"Avenir, PrimaCare",524.5,513.8,486.8,459.4,432.4,405.4
542.5,530.9,501.7,472.5,443.4,414.2,"Concordia, MyDoc",512.7,501.8,474.2,446.6,419.1,391.5
531.7,520.1,490.9,461.7,432.6,403.4,"CSS, Gesundheitspraxisversicherung T1",494.5,483.7,456.6,429.4,402.3,375.2
538.1,526.5,497.3,468.1,439,409.8,"CSS, Gesundheitspraxisversicherung T2",500.4,489.6,462.4,435.3,408.2,381.1
544.4,532.8,503.6,474.4,445.3,416.1,"CSS, Gesundheitspraxisversicherung T3",506.3,495.5,468.3,441.2,414.1,387
550.7,539.1,509.9,480.7,451.6,422.4,"CSS, Hausarztversicherung Profit",512.2,501.4,474.2,447.1,420,392.8
529.8,518.2,494,464.8,435.7,420.8,"CSS, Multimed",492.7,481.9,459.4,432.3,405.2,391.4
577.4,565.9,536.9,507.4,478.4,449.4,"Easy Sana, PrimaCare",537,526.3,499.4,471.9,445,418
589.1,577.5,548.3,519.1,490,460.8,"EGK, EGK-Care",553.8,542.9,515.5,488,460.6,433.2
734.2,722.6,693.4,664.2,635.1,605.9,"Galenos, Med Direct",682.9,672,644.9,617.8,590.7,563.5
530,518.4,489.2,460,430.9,401.7,"Helsana, BeneFit PLUS Flexmed",492.9,482.2,455,427.8,400.8,373.6
530,518.4,489.2,460,430.9,401.7,"Helsana, BeneFit PLUS Hausarzt R1",492.9,482.2,455,427.8,400.8,373.6
542.6,531,501.8,472.6,443.5,414.3,"Helsana, BeneFit PLUS Hausarzt R2",504.7,493.9,466.7,439.6,412.5,385.3
555.2,543.6,514.4,485.2,456.1,426.9,"Helsana, BeneFit PLUS Hausarzt R3",516.4,505.6,478.4,451.3,424.2,397.1
567.9,556.3,527.1,497.9,468.8,439.6,"Helsana, BeneFit PLUS Hausarzt R4",528.2,517.4,490.3,463.1,436,408.9
568.2,556.6,527.4,498.2,,439.9,"KPT, KPTwin.doc",528.4,517.6,490.5,463.3,,409.1
587.4,575.9,546.9,517.4,488.4,459.4,"Mutuel, PrimaCare",546.3,535.6,508.7,481.2,454.3,427.3
579.1,567.5,538.3,509.1,480,450.8,"ÖKK, Hausarzt",538.6,527.8,500.7,473.5,446.4,419.3
602.4,590.9,561.9,532.4,503.4,474.4,"Philos, PrimaCare",560.3,549.6,522.6,495.2,468.2,441.2
588.4,576.7,547.6,518.4,489.2,460.1,"Sana24, Med Direct",549.9,539,511.8,484.5,457.3,430
597.7,586.1,556.9,527.7,498.6,469.4,"Sanitas, CareMed",556.5,545.7,518.5,491.3,464.2,437.1
559.1,547.5,518.3,489.1,460,430.8,"Sanitas, NetMed 1",520.6,509.8,482.6,455.4,428.3,401.1
588,576.4,547.2,518,488.9,459.7,"Sanitas, NetMed 2",547.5,536.7,509.5,482.3,455.2,428
597.7,586.1,556.9,527.7,498.6,469.4,"Sanitas, NetMed 3",556.5,545.7,518.5,491.3,464.2,437.1
556.4,544.9,515.9,486.4,457.4,428.4,"Supra, PrimaCare",517.5,506.8,479.8,452.4,425.4,398.5
602.5,590.9,568.6,539.4,510.3,481.1,"Swica, FAVORIT CASA",560.4,549.5,528.8,501.7,474.6,447.4
602.5,590.9,568.6,539.4,510.3,481.1,"Swica, FAVORIT MEDICA",560.4,549.5,528.8,501.7,474.6,447.4
543.7,532,509.8,480.6,444.5,415.3,"Swica, FAVORIT MEDPHARM",505.6,494.8,474.1,446.9,413.4,386.3
571.4,570.1,551.3,522.1,486,456.9,"Swica, FAVORIT MULTICHOICE",531.4,530.2,512.7,485.6,452,424.9
598.6,592,557.8,528.6,499.5,470.3,"Visana, Med Direct",559.5,553.3,521.3,494.1,466.8,439.6
631.9,620.2,591.1,561.9,532.7,503.6,"Vivacare, Med Direct",590.6,579.7,552.4,525.2,497.9,470.6
548.3,536.6,507.5,478.3,449.1,420,"Vivao Sympany, callmed 24",510,499.1,472,444.9,417.7,390.6
554.4,542.8,513.6,484.4,455.3,426.1,"Vivao Sympany, casamed hausarzt",515.6,504.9,477.7,450.5,423.5,396.3
536,524.3,495.1,466,436.8,407.6,"Vivao Sympany, casamed pharm",498.5,487.6,460.5,433.4,406.3,379.1
"Bundesamt für Gesundheit, 3003 Bern",,,,,,,,September 2023,,,,
"Office fédéral de la santé publique, 3003 Berne",,,,,,5/28,,Septembre 2023,,review-2023-09-24,,
,,,,,Prämien – Hausarztmodell,,,,,,,
,,,,,Primes – Médecin de famille,,,,,,,
Mit Unfall / avec risque accidents,,,,,,2024,VD,Ohne Unfall / sans risque accidents,,,,
Franchise / Franchise,,,,,,Erwachsene / Adultes,,,,Franchise / Franchise,,
300,500,1000,1500,2000,2500,Region / Région 2,300,500,1000,1500,2000,2500
512.7,501.1,471.9,442.7,413.6,384.4,"Assura, Hausarzt Modell",476.9,466.1,438.9,411.8,384.7,357.5
502,490.4,461.2,432,402.9,373.7,"Assura, PharMed",466.9,456.1,429,401.8,374.7,347.6
535.8,524.2,495,465.8,436.7,407.5,"Assura, PreventoMed",498.3,487.6,460.4,433.2,406.2,379
493.5,481.9,452.7,423.5,394.4,365.2,"Assura, Qualimed",459,448.2,421.1,393.9,366.8,339.7
524.4,512.9,483.9,454.4,425.4,396.4,"Avenir, PrimaCare",487.7,477,450.1,422.6,395.7,368.7
515,503.4,474.2,445,415.9,386.7,"Concordia, MyDoc",486.7,475.8,448.2,420.6,393.1,365.5
501.5,489.9,460.7,431.5,402.4,373.2,"CSS, Gesundheitspraxisversicherung T1",466.4,455.6,428.4,401.3,374.2,347.1
507.5,495.9,466.7,437.5,408.4,379.2,"CSS, Gesundheitspraxisversicherung T2",471.9,461.1,434,406.8,379.8,352.6
513.4,501.8,472.6,443.4,414.3,385.1,"CSS, Gesundheitspraxisversicherung T3",477.5,466.7,439.5,412.4,385.3,358.2
519.4,507.8,478.6,449.4,420.3,391.1,"CSS, Hausarztversicherung Profit",483,472.2,445.1,417.9,390.9,363.7
499.7,488.1,463.9,434.7,405.6,390.7,"CSS, Multimed",464.7,453.9,431.4,404.3,377.2,363.3
537,525.5,496.5,467,438,409,"Easy Sana, PrimaCare",499.5,488.8,461.8,434.4,407.4,380.4
498.1,486.5,457.3,428.1,399,369.8,"EGK, EGK-Care",468.3,457.4,429.9,402.5,375.1,347.7
677.7,666,636.8,607.7,578.5,549.3,"Galenos, Med Direct",630.3,619.4,592.3,565.2,538,510.9
505.6,494,464.8,435.6,406.5,377.3,"Helsana, BeneFit PLUS Flexmed",470.3,459.5,432.3,405.2,378.1,350.9
505.6,494,464.8,435.6,406.5,377.3,"Helsana, BeneFit PLUS Hausarzt R1",470.3,459.5,432.3,405.2,378.1,350.9
517.7,506.1,476.9,447.7,418.6,389.4,"Helsana, BeneFit PLUS Hausarzt R2",481.5,470.7,443.6,416.4,389.3,362.2
529.7,518.1,488.9,459.7,430.6,401.4,"Helsana, BeneFit PLUS Hausarzt R3",492.7,481.9,454.7,427.6,400.5,373.4
541.8,530.2,501,471.8,442.7,413.5,"Helsana, BeneFit PLUS Hausarzt R4",503.9,493.1,466,438.8,411.8,384.6
511.1,499.5,470.3,441.1,,382.8,"KPT, KPTwin.doc",475.3,464.5,437.4,410.2,,356
552.1,540.6,511.6,482.1,453.1,424.1,"Mutuel, PrimaCare",513.5,502.8,475.8,448.4,421.4,394.5
551.3,539.7,510.5,481.3,452.2,423,"ÖKK, Hausarzt",512.8,502,474.8,447.7,420.6,393.4
530.1,518.6,489.6,460.1,431.1,402.1,"Philos, PrimaCare",493,482.3,455.4,427.9,401,374
561.7,550.1,520.9,491.7,462.6,433.4,"Sana24, Med Direct",525,514.1,486.8,459.6,432.3,405.1
594.5,582.9,553.7,524.5,495.4,466.2,"Sanitas, CareMed",553.5,542.7,515.5,488.4,461.3,434.1
556.2,544.6,515.4,486.2,457.1,427.9,"Sanitas, NetMed 1",517.9,507.1,479.9,452.7,425.6,398.4
584.9,573.3,544.1,514.9,485.8,456.6,"Sanitas, NetMed 2",544.6,533.8,506.6,479.4,452.3,425.1
594.5,582.9,553.7,524.5,495.4,466.2,"Sanitas, NetMed 3",553.5,542.7,515.5,488.4,461.3,434.1
523,511.5,482.5,453,424,395,"Supra, PrimaCare",486.4,475.7,448.8,421.3,394.4,367.4
582.2,570.5,548,518.8,489.7,460.5,"Swica, FAVORIT CASA",541.4,530.6,509.7,482.5,455.4,428.3
578.9,567.2,544.7,515.5,486.3,457.2,"Swica, FAVORIT MEDICA",538.3,527.5,506.6,479.4,452.3,425.2
515.7,504,481.5,452.3,416.5,387.3,"Swica, FAVORIT MEDPHARM",479.6,468.7,447.8,420.7,387.3,360.2
548.9,547.2,528,498.9,463.1,433.9,"Swica, FAVORIT MULTICHOICE",510.5,508.9,491.1,464,430.7,403.5
574.5,567.8,533.7,504.5,475.3,446.2,"Visana, Med Direct",537,530.7,498.8,471.5,444.3,417
598.7,587,557.9,528.7,499.5,470.4,"Vivacare, Med Direct",559.6,548.7,521.4,494.1,466.9,439.6
558.1,546.4,517.2,488.1,458.9,429.7,"Vivao Sympany, callmed 24",519.1,508.2,481,454,426.8,399.7
564.3,552.7,523.5,494.3,465.2,436,"Vivao Sympany, casamed hausarzt",524.8,514.1,486.9,459.7,432.7,405.5
545.5,533.9,504.7,475.5,446.4,417.2,"Vivao Sympany, casamed pharm",507.4,496.6,469.4,442.3,415.2,388
"Bundesamt für Gesundheit, 3003 Bern",,,,,,,,September 2023,,,,
"Office fédéral de la santé publique, 3003 Berne",,,,,,6/28,,Septembre 2023,,review-2023-09-24,,
,,,,,,Prämien – HMO,,,,,,
,,,,,,Primes – HMO,,,,,,
Mit Unfall / avec risque accidents,,,,,,2024,VD,Ohne Unfall / sans risque accidents,,,,
Franchise / Franchise,,,,,,Erwachsene / Adultes,,,,Franchise / Franchise,,
300,500,1000,1500,2000,2500,Region / Région 1,300,500,1000,1500,2000,2500
522.2,510.6,481.4,452.2,423.1,393.9,"Atupri, HMO",496.1,485.1,457.3,429.6,401.9,374.2
557.5,546,517,487.5,458.5,429.5,"Avenir, OptiMed",518.5,507.8,480.9,453.4,426.5,399.5
530.1,518.5,489.3,460.1,431,401.8,"Concordia, HMO",501,490,462.4,434.8,407.3,379.8
564.4,552.9,523.9,494.4,465.4,436.4,"Easy Sana, OptiMed",524.9,514.2,487.3,459.8,432.9,405.9
734.3,722.6,693.5,664.3,635.1,606,"Galenos, Managed Care",682.9,672.1,645,617.8,590.7,563.6
526.8,515.2,486,456.8,,398.5,"KPT, KPTwin.plus",489.9,479.1,452,424.8,,370.6
561.5,550,521,491.5,462.5,433.5,"Mutuel, OptiMed",522.2,511.5,484.6,457.1,430.2,403.2
594.7,583.1,553.9,524.7,495.6,466.4,"ÖKK, Gesundheitszentrum",553.1,542.3,515.2,488,461,433.8
575.3,563.8,534.8,505.3,476.3,447.3,"Philos, OptiMed",535.1,524.4,497.4,470,443,416
572.3,560.7,531.5,502.3,473.2,444,"Sana24, Managed Care",534.9,524,496.7,469.5,442.2,415
590.9,579.2,550,520.9,491.7,462.5,"Sana24, Managed Care ohne Capitation",552.2,541.3,514.1,486.8,459.6,432.3
565.5,553.9,524.7,495.5,466.4,437.2,"Sanitas, Medbase MultiAccess",526.5,515.7,488.5,461.4,434.3,407.1
540.2,528.5,506.3,477.1,441,411.9,"Swica, FAVORIT SANTE",502.4,491.5,470.9,443.7,410.2,383
564.6,558,523.8,494.6,465.5,436.3,"Visana, Managed Care",527.7,521.5,489.6,462.3,435,407.8
604.3,592.7,563.5,534.3,505.2,476,"Vivacare, Managed Care",564.8,553.9,526.7,499.4,472.2,444.9
529.8,518.1,489,459.8,430.6,401.5,"Vivao Sympany, casamed hmo",492.8,481.9,454.8,427.7,400.5,373.4
"Bundesamt für Gesundheit, 3003 Bern",,,,,,,,September 2023,,,,
"Office fédéral de la santé publique, 3003 Berne",,,,,,7/28,,Septembre 2023,,review-2023-09-24,,
,,,,,,Prämien – HMO,,,,,,
,,,,,,Primes – HMO,,,,,,
Mit Unfall / avec risque accidents,,,,,,2024,VD,Ohne Unfall / sans risque accidents,,,,
Franchise / Franchise,,,,,,Erwachsene / Adultes,,,,Franchise / Franchise,,
300,500,1000,1500,2000,2500,Region / Région 2,300,500,1000,1500,2000,2500
499.7,488.1,458.9,429.7,400.6,371.4,"Atupri, HMO",474.7,463.7,436,408.2,380.6,352.8
518.4,506.9,477.9,448.4,419.4,390.4,"Avenir, OptiMed",482.2,471.5,444.5,417.1,390.1,363.1
503.2,491.6,462.4,433.2,404.1,374.9,"Concordia, HMO",475.6,464.6,437,409.4,381.9,354.3
524.9,513.4,484.4,454.9,425.9,396.9,"Easy Sana, OptiMed",488.2,477.5,450.5,423.1,396.1,369.2
677.9,666.2,637.1,607.9,578.7,549.6,"Galenos, Managed Care",630.5,619.6,592.5,565.4,538.3,511.1
488.5,476.9,447.7,418.5,,360.2,"KPT, KPTwin.plus",454.3,443.5,416.4,389.2,,335
527.9,516.4,487.4,457.9,428.9,399.9,"Mutuel, OptiMed",491,480.3,453.3,425.9,398.9,372
566.2,554.6,525.4,496.2,467.1,437.9,"ÖKK, Gesundheitszentrum",526.6,515.8,488.7,461.5,434.5,407.3
506.3,494.8,465.8,436.3,407.3,378.3,"Philos, OptiMed",470.9,460.2,433.2,405.8,378.8,351.9
545.2,533.6,504.4,475.2,446.1,416.9,"Sana24, Managed Care",509.6,498.7,471.4,444.2,416.9,389.6
562.9,551.2,522.1,492.9,463.7,434.6,"Sana24, Managed Care ohne Capitation",526.1,515.2,487.9,460.7,433.4,406.2
562.5,550.9,521.7,492.5,463.4,434.2,"Sanitas, Medbase MultiAccess",523.7,512.9,485.8,458.6,431.5,404.3
519,507.3,484.8,455.6,419.8,390.7,"Swica, FAVORIT SANTE",482.7,471.8,450.9,423.7,390.4,363.3
541.9,535.2,501.1,471.9,442.7,413.6,"Visana, Managed Care",506.5,500.2,468.3,441,413.8,386.5
573.3,561.6,532.4,503.3,474.1,444.9,"Vivacare, Managed Care",535.8,524.9,497.6,470.4,443.1,415.8
539.3,527.6,498.4,469.3,440.1,410.9,"Vivao Sympany, casamed hmo",501.6,490.7,463.6,436.5,409.3,382.2
"Bundesamt für Gesundheit, 3003 Bern",,,,,,,,September 2023,,,,
"Office fédéral de la santé publique, 3003 Berne",,,,,,8/28,,Septembre 2023,,review-2023-09-24,,
,,,,,Prämien – Grundversicherung,,,,,,,
,,,,,Primes – Assurance de base,,,,,,,
Mit Unfall / avec risque accidents,,,,,,2024,VD,Ohne Unfall / sans risque accidents,,,,
Franchise / Franchise,,,,,Junge Erwachsene / Jeunes adultes,,,,,Franchise / Franchise,,
300,500,1000,1500,2000,2500,Region / Région 1,300,500,1000,1500,2000,2500
443,431.3,402.2,373,343.8,314.7,Agrisano,420.9,409.7,382.1,354.4,326.6,299
447.3,435.7,406.5,377.4,348.2,319,Aquilana,416,405.3,378.1,351,323.9,296.7
474.6,463,433.8,404.6,375.5,346.3,Assura,441.4,430.6,403.5,376.3,349.3,322.1
416,404.4,375.2,346,316.9,287.7,Atupri,395.2,384.2,356.4,328.7,301.1,273.3
490.4,478.9,449.9,420.4,391.4,362.4,Avenir,456.1,445.4,418.5,391,364.1,337.1
465,453.4,424.2,395,365.9,336.7,Concordia,439.5,428.5,400.9,373.3,345.8,318.2
474.8,463.2,434,404.8,375.7,346.5,CSS,441.5,430.7,403.6,376.4,349.4,322.2
492.5,481,452,422.5,393.5,364.5,Easy Sana,458.1,447.4,420.4,393,366,339
415.1,403.4,374.2,345.1,315.9,286.7,EGK,390.2,379.2,351.8,324.4,297,269.5
697.1,685.4,656.2,627.1,597.9,568.7,Galenos,648.3,637.5,610.3,583.2,556.1,529
504.8,493.2,464,434.8,405.7,376.5,Helsana,469.5,458.7,431.6,404.4,377.4,350.2
561.6,552.2,528.9,505.6,482.2,458.9,KLuG,544.7,535.7,513.1,490.4,467.8,445.2
516.6,505,475.8,446.6,,388.3,KPT,480.4,469.7,442.5,415.3,,361.1
500.8,489.3,460.3,430.8,401.8,372.8,Mutuel,465.8,455.1,428.1,400.7,373.7,346.8
500.8,489.2,460,430.8,401.7,372.5,ÖKK,465.8,455,427.8,400.7,373.6,346.5
526.5,515,486,456.5,427.5,398.5,Philos,489.7,479,452,424.6,397.6,370.7
512.6,502.7,477.9,453.4,428.7,404,Rhenusana,476.8,467.6,444.5,421.7,398.7,375.8
528.4,516.8,487.6,458.4,429.3,400.1,Sana24,493.9,483,455.7,428.5,401.2,373.9
404.9,393.3,364.1,334.9,305.8,276.6,Sanitas,377,366.2,339,311.8,284.7,257.6
528.5,517,488,458.5,429.5,400.5,Supra,491.6,480.9,453.9,426.5,399.5,372.5
519.4,507.8,478.6,449.4,420.3,391.1,Swica,483.1,472.2,445.1,418,390.9,363.7
476.3,469.6,435.4,406.3,377.1,347.9,Visana,445.1,438.9,407,379.7,352.4,325.2
536,525.3,498.5,471.7,439.5,412.7,Vita Surselva,532.8,522.2,495.5,468.9,436.9,410.2
523.7,512.1,482.9,453.7,424.6,395.4,Vivacare,489.5,478.6,451.3,424.1,396.8,369.6
462,450.4,421.2,392,362.9,333.7,Vivao Sympany,429.7,418.9,391.8,364.6,337.5,310.4
"Bundesamt für Gesundheit, 3003 Bern",,,,,,,,September 2023,,,,
"Office fédéral de la santé publique, 3003 Berne",,,,,,9/28,,Septembre 2023,,review-2023-09-24,,
,,,,,Prämien – Grundversicherung,,,,,,,
,,,,,Primes – Assurance de base,,,,,,,
Mit Unfall / avec risque accidents,,,,,,2024,VD,Ohne Unfall / sans risque accidents,,,,
Franchise / Franchise,,,,,Junge Erwachsene / Jeunes adultes,,,,,Franchise / Franchise,,
300,500,1000,1500,2000,2500,Region / Région 2,300,500,1000,1500,2000,2500
387.2,375.5,346.4,317.2,288,258.9,Agrisano,367.8,356.7,329.1,301.3,273.6,246
425.9,414.3,385.1,356,326.8,297.6,Aquilana,396.1,385.3,358.2,331.1,304,276.8
434.3,422.7,393.5,364.3,335.2,306,Assura,403.9,393.2,366,338.8,311.8,284.6
393.1,381.5,352.3,323.1,294,264.8,Atupri,373.4,362.4,334.7,306.9,279.3,251.6
456.1,444.6,415.6,386.1,357.1,328.1,Avenir,424.2,413.5,386.6,359.1,332.2,305.2
441.4,429.8,400.6,371.4,342.3,313.1,Concordia,417.2,406.2,378.6,351,323.5,295.9
447.8,436.2,407,377.8,348.7,319.5,CSS,416.4,405.6,378.5,351.3,324.2,297.1
458.1,446.6,417.6,388.1,359.1,330.1,Easy Sana,426.1,415.4,388.4,361,334,307
359.1,347.4,318.3,289.1,259.9,230.7,EGK,337.6,326.6,299.3,271.8,244.4,216.9
636,624.3,595.2,566,536.8,507.7,Galenos,591.5,580.7,553.5,526.4,499.3,472.2
481.6,470,440.8,411.6,382.5,353.3,Helsana,447.9,437.1,410,382.8,355.8,328.6
525.5,516.1,492.8,469.5,446.1,422.8,KLuG,509.7,500.6,478,455.4,432.7,410.1
462.9,451.3,422.1,392.9,,334.6,KPT,430.5,419.7,392.6,365.4,,311.2
470.8,459.3,430.3,400.8,371.8,342.8,Mutuel,437.9,427.2,400.2,372.8,345.8,318.9
476.8,465.2,436,406.8,377.7,348.5,ÖKK,443.5,432.7,405.5,378.4,351.3,324.2
463.4,451.9,422.9,393.4,364.4,335.4,Philos,431,420.3,393.3,365.9,338.9,312
491.4,481.5,456.8,432.2,407.4,382.8,Rhenusana,457.1,447.8,424.9,402,378.9,356.1
503.4,491.7,462.6,433.4,404.2,375.1,Sana24,470.5,459.6,432.3,405.1,377.8,350.6
402.7,391.1,361.9,332.7,303.6,274.4,Sanitas,375,364.2,337,309.8,282.7,255.5
496.8,485.3,456.3,426.8,397.8,368.8,Supra,462.1,451.4,424.4,397,370,343
499,487.4,458.2,429,399.9,370.7,Swica,464.1,453.3,426.1,399,371.9,344.8
457.1,450.4,416.2,387.1,357.9,328.7,Visana,427.2,421,389,361.8,334.5,307.3
508,497.9,472.5,442,411.5,381,Vita Surselva,505,494.9,469.6,439.3,409.1,378.7
496.2,484.6,455.4,426.2,397.1,367.9,Vivacare,463.8,452.9,425.6,398.4,371.1,343.9
470.3,458.6,429.5,400.3,371.1,342,Vivao Sympany,437.4,426.5,399.5,372.3,345.2,318.1
"Bundesamt für Gesundheit, 3003 Bern",,,,,,,,September 2023,,,,
"Office fédéral de la santé publique, 3003 Berne",,,,,,10/28,,Septembre 2023,,review-2023-09-24,,
,,,Prämien – Weitere Versicherungsmodelle,,,,,,,,,
,,,,Primes – Autres modèles d'assurance,,,,,,,,
Mit Unfall / avec risque accidents,,,,,,2024,VD,Ohne Unfall / sans risque accidents,,,,
Franchise / Franchise,,,,,,Junge Erwachsene / Jeunes adultes,,,,Franchise / Franchise,,
300,500,1000,1500,2000,2500,Region / Région 1,300,500,1000,1500,2000,2500
389.2,379.2,353.8,328.4,299.5,268.1,"Aquilana, SMARTMED",362,352.7,329.1,305.5,278.6,249.4
417.7,406.1,376.9,347.7,318.6,289.4,"Assura, Gesundheitnetz",388.5,377.7,350.6,323.4,296.3,269.2
378.6,367,337.8,308.6,279.5,250.3,"Atupri, SmartCare",359.7,348.7,320.9,293.2,265.5,237.8
386.9,375.3,346.1,316.9,287.8,258.6,"Atupri, TelFirst",367.6,356.5,328.8,301.1,273.4,245.7
426.7,415.2,386.2,356.7,327.7,298.7,"Avenir, PrimaFlex",396.9,386.2,359.2,331.8,304.8,277.8
441.4,429.9,400.9,371.4,342.4,313.4,"Avenir, SanaTel",410.6,399.9,372.9,345.5,318.5,291.5
397.6,386,356.8,327.6,298.5,269.3,"Concordia, smartDoc",375.8,364.8,337.2,309.6,282.1,254.5
427.3,415.7,386.5,357.3,328.2,299,"CSS, Callmed",397.4,386.6,359.4,332.3,305.2,278
423.6,412.1,383.1,353.6,324.6,295.6,"Easy Sana, PrimaFlex",394,383.3,356.3,328.9,301.9,275
438.4,426.9,397.9,368.4,339.4,310.4,"Easy Sana, SanaTel",407.8,397.1,370.1,342.7,315.7,288.7
369.1,357.5,328.3,299.1,270,240.8,"EGK, EGK-TelCare",347,336.1,308.7,281.2,253.8,226.4
429,417.4,388.2,359,329.9,300.7,"Helsana, BeneFit PLUS Telmed",399,388.2,361.1,333.9,306.9,279.7
464.4,452.8,423.6,394.4,365.3,336.1,"Helsana, Premed-24",431.9,421.2,394,366.8,339.8,312.6
462.2,450.6,421.4,392.2,,333.9,"KPT, KPTwin.easy",429.8,419.1,391.9,364.7,,310.5
485.5,473.9,444.7,415.5,,357.2,"KPT, KPTwin.win",451.5,440.7,413.6,386.4,,332.2
435.7,424.2,395.2,365.7,336.7,307.7,"Mutuel, PrimaFlex",405.3,394.6,367.6,340.2,313.2,286.2
438.2,426.7,397.7,368.2,339.2,310.2,"Mutuel, SanaTel",407.6,396.9,369.9,342.5,315.5,288.5
438.2,426.6,397.4,368.2,339.1,309.9,"ÖKK, Select",407.6,396.8,369.6,342.5,315.4,288.3
463.3,451.7,422.5,393.3,364.2,335,"ÖKK, Telemedizin",430.9,420.1,393,365.8,338.8,311.6
442.3,430.8,401.8,372.3,343.3,314.3,"Philos, PrimaFlex",411.4,400.7,373.7,346.3,319.3,292.3
463.4,451.9,422.9,393.4,364.4,335.4,"Philos, SanaTel",431,420.3,393.3,365.9,338.9,312
512.6,500.9,471.8,442.6,413.4,384.3,"Sana24, Combi Care",479.1,468.2,440.9,413.7,386.4,359.1
523.1,511.5,482.3,453.1,424,394.8,"Sana24, Med Call",488.9,478,450.8,423.5,396.3,369
496.7,485.1,455.9,426.7,397.6,368.4,"Sana24, Tel Doc",464.3,453.4,426.1,398.9,371.6,344.3
392.8,381.2,352,322.8,293.7,264.5,"Sanitas, CallMed",365.7,354.9,327.8,300.6,273.5,246.3
388.8,377.2,348,318.8,289.7,260.5,"Sanitas, CompactOne",362,351.2,324,296.9,269.8,242.6
465.1,453.6,424.6,395.1,366.1,337.1,"Supra, PrimaFlex",432.6,421.9,394.9,367.5,340.5,313.6
483.1,481.8,457.8,428.7,389.1,360,"Swica, FAVORIT TELMED",449.3,448.1,425.8,398.7,361.9,334.8
462,455.3,421.2,392,362.8,333.7,"Visana, Combi Care",431.8,425.6,393.6,366.4,339.1,311.8
471.5,464.8,430.7,401.5,372.3,343.2,"Visana, Med Call",440.7,434.5,402.5,375.3,348,320.7
437.2,430.6,396.4,367.2,338.1,308.9,"Visana, Tel Care",408.7,402.4,370.5,343.2,316,288.7
442,435.3,401.2,372,342.8,313.7,"Visana, Tel Doc",413.1,406.9,374.9,347.7,320.4,293.2
492.3,480.7,451.5,422.3,393.2,364,"Vivacare, Combi Care",460.1,449.2,422,394.7,367.5,340.2
518.5,506.8,477.7,448.5,419.3,390.2,"Vivacare, Med Call",484.6,473.7,446.4,419.2,391.9,364.7
466.2,454.5,425.3,396.2,367,337.8,"Vivacare, Tel Care",435.7,424.8,397.5,370.3,343,315.8
492.3,480.7,451.5,422.3,393.2,364,"Vivacare, Tel Doc",460.1,449.2,422,394.7,367.5,340.2
390.4,378.8,349.6,320.4,291.3,262.1,"Vivao Sympany, FlexHelp 24",363.1,352.3,325.2,298,271,243.8
"Bundesamt für Gesundheit, 3003 Bern",,,,,,,,September 2023,,,,
"Office fédéral de la santé publique, 3003 Berne",,,,,,11/28,,Septembre 2023,,review-2023-09-24,,
,,,Prämien – Weitere Versicherungsmodelle,,,,,,,,,
,,,,Primes – Autres modèles d'assurance,,,,,,,,
Mit Unfall / avec risque accidents,,,,,,2024,VD,Ohne Unfall / sans risque accidents,,,,
Franchise / Franchise,,,,,,Junge Erwachsene / Jeunes adultes,,,,Franchise / Franchise,,
300,500,1000,1500,2000,2500,Region / Région 2,300,500,1000,1500,2000,2500
370.6,360.6,335.1,309.8,281.2,250.1,"Aquilana, SMARTMED",344.7,335.4,311.7,288.2,261.6,232.6
382.2,370.6,341.4,312.2,283.1,253.9,"Assura, Gesundheitnetz",355.5,344.7,317.6,290.4,263.3,236.2
345.9,334.3,305.1,275.9,246.8,217.6,"Atupri, SmartCare",328.6,317.6,289.8,262.1,234.5,206.7
345.9,334.3,305.1,275.9,246.8,217.6,"Atupri, TelFirst",328.6,317.6,289.8,262.1,234.5,206.7
396.8,385.3,356.3,326.8,297.8,268.8,"Avenir, PrimaFlex",369.1,358.4,331.4,304,277,250
410.5,399,370,340.5,311.5,282.5,"Avenir, SanaTel",381.8,371.1,344.1,316.7,289.7,262.8
377.4,365.8,336.6,307.4,278.3,249.1,"Concordia, smartDoc",356.7,345.7,318.1,290.5,263,235.4
403,391.4,362.2,333,303.9,274.7,"CSS, Callmed",374.8,364,336.8,309.7,282.6,255.4
394,382.5,353.5,324,295,266,"Easy Sana, PrimaFlex",366.5,355.8,328.8,301.4,274.4,247.4
407.7,396.2,367.2,337.7,308.7,279.7,"Easy Sana, SanaTel",379.2,368.5,341.5,314.1,287.1,260.2
342.6,331,301.8,272.6,243.5,214.3,"EGK, EGK-TelCare",322.1,311.2,283.7,256.3,228.9,201.5
409.3,397.7,368.5,339.3,310.2,281,"Helsana, BeneFit PLUS Telmed",380.7,369.9,342.8,315.6,288.5,261.4
443,431.4,402.2,373,343.9,314.7,"Helsana, Premed-24",412,401.3,374.1,346.9,319.9,292.7
416.1,404.5,375.3,346.1,,287.8,"KPT, KPTwin.easy",387,376.2,349,321.9,,267.7
436.1,424.5,395.3,366.1,,307.8,"KPT, KPTwin.win",405.6,394.8,367.6,340.5,,286.3
409.6,398.1,369.1,339.6,310.6,281.6,"Mutuel, PrimaFlex",381,370.3,343.3,315.9,288.9,261.9
412,400.5,371.5,342,313,284,"Mutuel, SanaTel",383.2,372.5,345.5,318.1,291.1,264.2
417.2,405.6,376.4,347.2,318.1,288.9,"ÖKK, Select",388,377.3,350.1,322.9,295.9,268.7
441.1,429.5,400.3,371.1,342,312.8,"ÖKK, Telemedizin",410.3,399.5,372.3,345.2,318.1,291
389.2,377.7,348.7,319.2,290.2,261.2,"Philos, PrimaFlex",362,351.3,324.3,296.9,269.9,243
407.8,396.3,367.3,337.8,308.8,279.8,"Philos, SanaTel",379.3,368.6,341.6,314.2,287.2,260.3
488.3,476.6,447.5,418.3,389.1,360,"Sana24, Combi Care",456.4,445.5,418.2,391,363.7,336.5
498.4,486.7,457.5,428.4,399.2,370,"Sana24, Med Call",465.8,454.9,427.6,400.4,373.1,345.9
473.2,461.6,432.4,403.2,374.1,344.9,"Sana24, Tel Doc",442.3,431.4,404.1,376.9,349.6,322.4
390.7,379.1,349.9,320.7,291.6,262.4,"Sanitas, CallMed",363.8,353,325.8,298.6,271.5,244.3
386.6,375,345.8,316.6,287.5,258.3,"Sanitas, CompactOne",360,349.2,322,294.8,267.7,240.5
437.2,425.7,396.7,367.2,338.2,309.2,"Supra, PrimaFlex",406.6,396,369,341.5,314.6,287.6
464.1,462.4,438.3,409.1,369.9,340.8,"Swica, FAVORIT TELMED",431.6,430.1,407.6,380.5,344.1,316.9
443.4,436.7,402.5,373.4,344.2,315,"Visana, Combi Care",414.4,408.2,376.2,349,321.7,294.5
452.5,445.8,411.7,382.5,353.3,324.2,"Visana, Med Call",422.9,416.7,384.8,357.5,330.3,303
419.6,413,378.8,349.6,320.5,291.3,"Visana, Tel Care",392.2,386,354,326.8,299.5,272.3
424.2,417.5,383.4,354.2,325,295.9,"Visana, Tel Doc",396.5,390.2,358.3,331.1,303.8,276.5
466.5,454.8,425.7,396.5,367.3,338.2,"Vivacare, Combi Care",436,425.1,397.8,370.6,343.3,316.1
491.3,479.6,450.4,421.3,392.1,362.9,"Vivacare, Med Call",459.2,448.3,421,393.7,366.5,339.2
441.7,430,400.9,371.7,342.5,313.4,"Vivacare, Tel Care",412.8,401.9,374.7,347.4,320.1,292.9
467,455.3,426.1,397,367.8,338.6,"Vivacare, Tel Doc",436.5,425.6,398.3,371,343.8,316.5
397.4,385.7,356.6,327.4,298.2,269.1,"Vivao Sympany, FlexHelp 24",369.6,358.8,331.7,304.5,277.4,250.3
"Bundesamt für Gesundheit, 3003 Bern",,,,,,,,September 2023,,,,
"Office fédéral de la santé publique, 3003 Berne",,,,,,12/28,,Septembre 2023,,review-2023-09-24,,
,,,,,Prämien – Hausarztmodell,,,,,,,
,,,,,Primes – Médecin de famille,,,,,,,
Mit Unfall / avec risque accidents,,,,,,2024,VD,Ohne Unfall / sans risque accidents,,,,
Franchise / Franchise,,,,,,Junge Erwachsene / Jeunes adultes,,,,Franchise / Franchise,,
300,500,1000,1500,2000,2500,Region / Région 1,300,500,1000,1500,2000,2500
422.4,410.8,381.6,352.4,323.3,294.1,"Assura, Hausarzt Modell",392.9,382.1,354.9,327.8,300.7,273.6
420.1,408.5,379.3,350.1,321,291.8,"Assura, PharMed",390.7,380,352.8,325.6,298.6,271.4
450.9,439.3,410.1,380.9,351.8,322.6,"Assura, PreventoMed",419.4,408.6,381.4,354.3,327.2,300.1
415.3,403.7,374.5,345.3,316.2,287,"Assura, Qualimed",386.3,375.5,348.3,321.2,294.1,267
441.4,429.9,400.9,371.4,342.4,313.4,"Avenir, PrimaCare",410.6,399.9,372.9,345.5,318.5,291.5
406.9,395.3,366.1,336.9,307.8,278.6,"Concordia, MyDoc",384.6,373.6,346,318.4,290.9,263.3
398.8,387.2,358,328.8,299.7,270.5,"CSS, Gesundheitspraxisversicherung T1",370.9,360.1,332.9,305.8,278.7,251.6
403.5,391.9,362.7,333.5,304.4,275.2,"CSS, Gesundheitspraxisversicherung T2",375.3,364.5,337.3,310.2,283.1,256
408.3,396.7,367.5,338.3,309.2,280,"CSS, Gesundheitspraxisversicherung T3",379.7,368.9,341.8,314.6,287.5,260.4
413,401.4,372.2,343,313.9,284.7,"CSS, Hausarztversicherung Profit",384.1,373.3,346.2,319,292,264.8
397.4,385.8,361.6,332.4,303.3,288.4,"CSS, Multimed",369.6,358.8,336.3,309.1,282,268.2
448.2,436.7,407.7,378.2,349.2,320.2,"Easy Sana, PrimaCare",416.9,406.2,379.2,351.8,324.8,297.8
376.5,364.9,335.7,306.5,277.4,248.2,"EGK, EGK-Care",354,343.1,315.6,288.2,260.8,233.4
587.7,576,546.8,517.7,488.5,459.3,"Galenos, Med Direct",546.5,535.7,508.6,481.4,454.3,427.2
424,412.4,383.2,354,324.9,295.7,"Helsana, BeneFit PLUS Flexmed",394.4,383.6,356.4,329.3,302.2,275.1
424,412.4,383.2,354,324.9,295.7,"Helsana, BeneFit PLUS Hausarzt R1",394.4,383.6,356.4,329.3,302.2,275.1
434.1,422.5,393.3,364.1,335,305.8,"Helsana, BeneFit PLUS Hausarzt R2",403.8,393,365.8,338.7,311.6,284.4
444.2,432.6,403.4,374.2,345.1,315.9,"Helsana, BeneFit PLUS Hausarzt R3",413.2,402.4,375.2,348.1,321,293.8
454.3,442.7,413.5,384.3,355.2,326,"Helsana, BeneFit PLUS Hausarzt R4",422.5,411.8,384.6,357.4,330.4,303.2
458.4,446.8,417.6,388.4,,330.1,"KPT, KPTwin.doc",426.3,415.5,388.4,361.2,,307
460.8,449.3,420.3,390.8,361.8,332.8,"Mutuel, PrimaCare",428.6,417.9,390.9,363.5,336.5,309.6
463.3,451.7,422.5,393.3,364.2,335,"ÖKK, Hausarzt",430.9,420.1,393,365.8,338.8,311.6
479.2,467.7,438.7,409.2,380.2,351.2,"Philos, PrimaCare",445.7,435,408,380.6,353.6,326.7
502.6,490.9,461.7,432.6,403.4,374.2,"Sana24, Med Direct",469.7,458.8,431.5,404.3,377,349.8
392.8,381.2,352,322.8,293.7,264.5,"Sanitas, CareMed",365.7,354.9,327.8,300.6,273.5,246.3
388.8,377.2,348,318.8,289.7,260.5,"Sanitas, NetMed 1",362,351.2,324,296.9,269.8,242.6
392.8,381.2,352,322.8,293.7,264.5,"Sanitas, NetMed 2",365.7,354.9,327.8,300.6,273.5,246.3
392.8,381.2,352,322.8,293.7,264.5,"Sanitas, NetMed 3",365.7,354.9,327.8,300.6,273.5,246.3
444,432.5,403.5,374,345,316,"Supra, PrimaCare",413,402.3,375.3,347.9,320.9,293.9
477.9,466.2,437.1,410.5,383.9,360,"Swica, FAVORIT CASA",444.4,433.6,406.5,381.8,357.1,334.8
477.9,466.2,437.1,410.5,383.9,360,"Swica, FAVORIT MEDICA",444.4,433.6,406.5,381.8,357.1,334.8
436.3,429.9,400.7,371.5,337.2,308,"Swica, FAVORIT MEDPHARM",405.8,399.8,372.7,345.5,313.6,286.5
444.1,442.9,424.1,394.9,358,328.8,"Swica, FAVORIT MULTICHOICE",413.1,411.9,394.4,367.3,332.9,305.8
419.2,412.5,378.3,349.2,320,290.8,"Visana, Med Direct",391.8,385.5,353.6,326.3,299.1,271.8
500.2,488.5,459.3,430.2,401,371.8,"Vivacare, Med Direct",467.5,456.6,429.3,402.1,374.8,347.5
411.2,399.6,370.4,341.2,312.1,282.9,"Vivao Sympany, callmed 24",382.5,371.7,344.5,317.4,290.3,263.1
415.8,404.2,375,345.8,316.7,287.5,"Vivao Sympany, casamed hausarzt",386.7,376,348.8,321.6,294.6,267.4
402,390.3,361.2,332,302.8,273.7,"Vivao Sympany, casamed pharm",373.9,363,336,308.8,281.7,254.6
"Bundesamt für Gesundheit, 3003 Bern",,,,,,,,September 2023,,,,
"Office fédéral de la santé publique, 3003 Berne",,,,,,13/28,,Septembre 2023,,review-2023-09-24,,
,,,,,Prämien – Hausarztmodell,,,,,,,
,,,,,Primes – Médecin de famille,,,,,,,
Mit Unfall / avec risque accidents,,,,,,2024,VD,Ohne Unfall / sans risque accidents,,,,
Franchise / Franchise,,,,,,Junge Erwachsene / Jeunes adultes,,,,Franchise / Franchise,,
300,500,1000,1500,2000,2500,Region / Région 2,300,500,1000,1500,2000,2500
394.8,383.2,354,324.8,295.7,266.5,"Assura, Hausarzt Modell",367.2,356.4,329.3,302.1,275.1,247.9
386.6,375,345.8,316.6,287.5,258.3,"Assura, PharMed",359.6,348.8,321.6,294.5,267.4,240.3
412.6,401,371.8,342.6,313.5,284.3,"Assura, PreventoMed",383.8,373,345.8,318.7,291.6,264.4
380.1,368.5,339.3,310.1,281,251.8,"Assura, Qualimed",353.5,342.8,315.6,288.4,261.4,234.2
410.5,399,370,340.5,311.5,282.5,"Avenir, PrimaCare",381.8,371.1,344.1,316.7,289.7,262.8
386.3,374.7,345.5,316.3,287.2,258,"Concordia, MyDoc",365.1,354.1,326.5,299,271.5,243.9
376.1,364.5,335.3,306.1,277,247.8,"CSS, Gesundheitspraxisversicherung T1",349.8,339,311.8,284.7,257.6,230.5
380.6,369,339.8,310.6,281.5,252.3,"CSS, Gesundheitspraxisversicherung T2",353.9,343.2,316,288.8,261.8,234.6
385.1,373.5,344.3,315.1,286,256.8,"CSS, Gesundheitspraxisversicherung T3",358.1,347.3,320.2,293,265.9,238.8
389.5,377.9,348.7,319.5,290.4,261.2,"CSS, Hausarztversicherung Profit",362.3,351.5,324.3,297.2,270.1,243
374.8,363.2,339,309.8,280.7,265.8,"CSS, Multimed",348.5,337.7,315.2,288.1,261,247.2
416.9,405.4,376.4,346.9,317.9,288.9,"Easy Sana, PrimaCare",387.8,377.1,350.1,322.7,295.7,268.7
342.6,331,301.8,272.6,243.5,214.3,"EGK, EGK-Care",322.1,311.2,283.7,256.3,228.9,201.5
543.7,532,502.8,473.7,444.5,415.3,"Galenos, Med Direct",505.6,494.8,467.7,440.5,413.4,386.3
404.5,392.9,363.7,334.5,305.4,276.2,"Helsana, BeneFit PLUS Flexmed",376.2,365.4,338.3,311.1,284.1,256.9
404.5,392.9,363.7,334.5,305.4,276.2,"Helsana, BeneFit PLUS Hausarzt R1",376.2,365.4,338.3,311.1,284.1,256.9
414.1,402.5,373.3,344.1,315,285.8,"Helsana, BeneFit PLUS Hausarzt R2",385.2,374.4,347.2,320.1,293,265.8
423.8,412.2,383,353.8,324.7,295.5,"Helsana, BeneFit PLUS Hausarzt R3",394.2,383.4,356.2,329.1,302,274.9
433.4,421.8,392.6,363.4,334.3,305.1,"Helsana, BeneFit PLUS Hausarzt R4",403.1,392.3,365.2,338,310.9,283.8
412.7,401.1,371.9,342.7,,284.4,"KPT, KPTwin.doc",383.8,373,345.9,318.7,,264.5
433.1,421.6,392.6,363.1,334.1,305.1,"Mutuel, PrimaCare",402.8,392.1,365.2,337.7,310.8,283.8
441.1,429.5,400.3,371.1,342,312.8,"ÖKK, Hausarzt",410.3,399.5,372.3,345.2,318.1,291
421.7,410.2,381.2,351.7,322.7,293.7,"Philos, PrimaCare",392.2,381.5,354.6,327.1,300.2,273.2
479.8,468.1,438.9,409.8,380.6,351.4,"Sana24, Med Direct",448.4,437.5,410.2,383,355.7,328.5
390.7,379.1,349.9,320.7,291.6,262.4,"Sanitas, CareMed",363.8,353,325.8,298.6,271.5,244.3
386.6,375,345.8,316.6,287.5,258.3,"Sanitas, NetMed 1",360,349.2,322,294.8,267.7,240.5
390.7,379.1,349.9,320.7,291.6,262.4,"Sanitas, NetMed 2",363.8,353,325.8,298.6,271.5,244.3
390.7,379.1,349.9,320.7,291.6,262.4,"Sanitas, NetMed 3",363.8,353,325.8,298.6,271.5,244.3
417.4,405.9,376.9,347.4,318.4,289.4,"Supra, PrimaCare",388.2,377.5,350.6,323.1,296.2,269.2
461.6,450,420.8,394.1,367.4,343.3,"Swica, FAVORIT CASA",429.3,418.5,391.3,366.5,341.7,319.2
459.1,447.5,418.3,391.6,365,340.8,"Swica, FAVORIT MEDICA",427,416.1,389,364.2,339.4,316.9
414.2,407.5,378.4,349.2,315.1,285.9,"Swica, FAVORIT MEDPHARM",385.2,379,351.9,324.8,293,265.9
426.7,425,405.8,376.7,340,310.8,"Swica, FAVORIT MULTICHOICE",396.8,395.3,377.4,350.3,316.2,289.1
402.3,395.6,361.4,332.3,303.1,273.9,"Visana, Med Direct",376,369.8,337.8,310.6,283.3,256
473.9,462.3,433.1,403.9,374.8,345.6,"Vivacare, Med Direct",442.9,432,404.8,377.5,350.3,323
418.6,406.9,377.7,348.6,319.4,290.2,"Vivao Sympany, callmed 24",389.3,378.5,351.3,324.2,297.1,269.9
423.3,411.6,382.4,353.3,324.1,294.9,"Vivao Sympany, casamed hausarzt",393.7,382.8,355.7,328.6,301.5,274.3
409.2,397.5,368.3,339.2,310,280.8,"Vivao Sympany, casamed pharm",380.6,369.7,342.6,315.5,288.3,261.2
"Bundesamt für Gesundheit, 3003 Bern",,,,,,,,September 2023,,,,
"Office fédéral de la santé publique, 3003 Berne",,,,,,14/28,,Septembre 2023,,review-2023-09-24,,
,,,,,,Prämien – HMO,,,,,,
,,,,,,Primes – HMO,,,,,,
Mit Unfall / avec risque accidents,,,,,,2024,VD,Ohne Unfall / sans risque accidents,,,,
Franchise / Franchise,,,,,,Junge Erwachsene / Jeunes adultes,,,,Franchise / Franchise,,
300,500,1000,1500,2000,2500,Region / Région 1,300,500,1000,1500,2000,2500
370.2,358.6,329.4,300.2,271.1,241.9,"Atupri, HMO",351.7,340.7,312.9,285.2,257.5,229.8
436.5,425,396,366.5,337.5,308.5,"Avenir, OptiMed",406,395.3,368.3,340.9,313.9,287
397.6,386,356.8,327.6,298.5,269.3,"Concordia, HMO",375.8,364.8,337.2,309.6,282.1,254.5
428.5,417,388,358.5,329.5,300.5,"Easy Sana, OptiMed",398.6,387.9,360.9,333.5,306.5,279.5
641.3,629.7,600.5,571.3,542.2,513,"Galenos, Managed Care",596.5,585.6,558.5,531.4,504.3,477.1
427.3,415.7,386.5,357.3,,299,"KPT, KPTwin.plus",397.4,386.6,359.4,332.3,,278.1
435.7,424.2,395.2,365.7,336.7,307.7,"Mutuel, OptiMed",405.3,394.6,367.6,340.2,313.2,286.2
475.8,464.2,435,405.8,376.7,347.5,"ÖKK, Gesundheitszentrum",442.5,431.8,404.6,377.4,350.4,323.2
458.1,446.6,417.6,388.1,359.1,330.1,"Philos, OptiMed",426.1,415.4,388.4,361,334,307
470.3,458.7,429.5,400.3,371.2,342,"Sana24, Managed Care",439.6,428.7,401.4,374.2,346.9,319.7
504.7,493,463.8,434.7,405.5,376.3,"Sana24, Managed Care ohne Capitation",471.7,460.8,433.5,406.3,379,351.7
388.8,377.2,348,318.8,289.7,260.5,"Sanitas, Medbase MultiAccess",362,351.2,324,296.9,269.8,242.6
426,414.3,398.1,368.9,329.4,300.2,"Swica, FAVORIT SANTE",396.1,385.3,370.2,343.1,306.3,279.2
396.3,389.6,355.5,326.3,297.1,268,"Visana, Managed Care",370.4,364.2,332.3,305,277.7,250.5
484.5,472.8,443.6,414.5,385.3,356.1,"Vivacare, Managed Care",452.8,441.9,414.7,387.4,360.1,332.9
397.4,385.7,356.5,327.4,298.2,269,"Vivao Sympany, casamed hmo",369.6,358.8,331.6,304.5,277.4,250.2
"Bundesamt für Gesundheit, 3003 Bern",,,,,,,,September 2023,,,,
"Office fédéral de la santé publique, 3003 Berne",,,,,,15/28,,Septembre 2023,,review-2023-09-24,,
,,,,,,Prämien – HMO,,,,,,
,,,,,,Primes – HMO,,,,,,
Mit Unfall / avec risque accidents,,,,,,2024,VD,Ohne Unfall / sans risque accidents,,,,
Franchise / Franchise,,,,,,Junge Erwachsene / Jeunes adultes,,,,Franchise / Franchise,,
300,500,1000,1500,2000,2500,Region / Région 2,300,500,1000,1500,2000,2500
349.9,338.3,309.1,279.9,250.8,221.6,"Atupri, HMO",332.4,321.4,293.6,265.9,238.3,210.5
406,394.5,365.5,336,307,278,"Avenir, OptiMed",377.6,366.9,340,312.5,285.6,258.6
377.4,365.8,336.6,307.4,278.3,249.1,"Concordia, HMO",356.7,345.7,318.1,290.5,263,235.4
398.5,387,358,328.5,299.5,270.5,"Easy Sana, OptiMed",370.7,360,333,305.6,278.6,251.6
585.2,573.5,544.3,515.2,486,456.8,"Galenos, Managed Care",544.2,533.4,506.3,479.1,452,424.9
396,384.4,355.2,326,,267.7,"KPT, KPTwin.plus",368.3,357.5,330.3,303.2,,249
409.6,398.1,369.1,339.6,310.6,281.6,"Mutuel, OptiMed",381,370.3,343.3,315.9,288.9,261.9
453,441.4,412.2,383,353.9,324.7,"ÖKK, Gesundheitszentrum",421.3,410.6,383.4,356.2,329.2,302
403.1,391.6,362.6,333.1,304.1,275.1,"Philos, OptiMed",374.9,364.2,337.3,309.8,282.9,255.9
445.6,433.9,404.7,375.6,346.4,317.2,"Sana24, Managed Care",416.4,405.5,378.3,351,323.8,296.5
480.8,469.1,439.9,410.8,381.6,352.4,"Sana24, Managed Care ohne Capitation",449.3,438.4,411.2,383.9,356.7,329.4
386.6,375,345.8,316.6,287.5,258.3,"Sanitas, Medbase MultiAccess",360,349.2,322,294.8,267.7,240.5
409.2,397.6,380.9,351.7,312.6,283.4,"Swica, FAVORIT SANTE",380.6,369.7,354.2,327.1,290.7,263.6
379.4,372.8,338.6,309.4,280.3,251.1,"Visana, Managed Care",354.6,348.4,316.5,289.2,262,234.7
459.5,447.9,418.7,389.5,360.4,331.2,"Vivacare, Managed Care",429.5,418.6,391.3,364.1,336.8,309.6
404.5,392.8,363.6,334.5,305.3,276.1,"Vivao Sympany, casamed hmo",376.2,365.4,338.2,311.1,284,256.8
"Bundesamt für Gesundheit, 3003 Bern",,,,,,,,September 2023,,,,
"Office fédéral de la santé publique, 3003 Berne",,,,,,16/28,,Septembre 2023,,review-2023-09-24,,
,,,,,,Prämien – Grundversicherung,,,,,,,,
,,,,,,Primes – Assurance de base,,,,,,,,
Mit Unfall / avec risque accidents,,,,,,,2024,VD,,Ohne Unfall / sans risque accidents,,,,
Franchise / Franchise,,,,,,,Kinder / Enfants,,,,,Franchise / Franchise,,
0,100,200,300,400,500,600,Region / Région 1,0,100,200,300,400,500,600
133.5,,121.8,116,110.2,104.3,98.5,Agrisano,126.8,,115.7,110.2,104.7,99.1,93.6
60.7,,52.2,44.3,37.4,35.8,34.6,"Agrisano, ab 3. Kind / dès le 3ème enfant",57.7,,49.6,42.1,35.5,34,32.9
133,127.2,121.4,115.6,109.7,103.9,,Aquilana,123.7,118.3,113,107.6,102.1,96.7,
66.5,63.6,60.7,57.8,54.9,52,,"Aquilana, ab 3. Kind / dès le 3ème enfant",61.9,59.2,56.5,53.8,51.1,48.4,
149.2,143.4,137.6,131.7,125.9,120.1,114.2,"Assura, Ein Kind / Un enfant",138.8,133.4,128,122.5,117.1,111.7,106.3
147.2,141.4,135.6,129.7,123.9,118.1,112.2,"Assura, Zwei Kinder / Deux enfants",136.9,131.6,126.2,120.7,115.3,109.9,104.4
145.2,139.4,133.6,127.7,121.9,116.1,110.2,"Assura, Drei und mehr Kinder / Trois enfants et plus",135.1,129.7,124.3,118.8,113.4,108,102.5
152.5,146.7,140.9,,129.2,,117.5,Atupri,144.9,139.4,133.9,,122.7,,111.6
158.8,153,147.2,141.3,135.5,129.7,123.8,"Avenir, Ein Kind / Un enfant",147.7,142.3,136.9,131.5,126.1,120.7,115.2
119.1,114.8,110.4,106,101.7,97.3,92.9,"Avenir, Drei und mehr Kinder / Trois enfants et plus",110.8,106.8,102.7,98.6,94.6,90.5,86.4
157.3,151.5,145.7,139.8,134,128.2,122.3,Concordia,148.7,143.2,137.7,132.2,126.7,121.2,115.6
74.4,68.6,62.8,56.9,51.1,45.3,39.4,"Concordia, ab 3. Kind / dès le 3ème enfant",70.4,64.9,59.4,53.8,48.3,42.9,37.3
139.3,133.5,127.7,121.8,116,,104.3,CSS,129.5,124.1,118.7,113.2,107.8,,97
163.3,157.5,151.7,145.8,140,134.2,128.3,"Easy Sana, Ein Kind / Un enfant",151.9,146.5,141.1,135.6,130.2,124.9,119.4
122.5,118.2,113.8,109.4,105,100.7,96.3,"Easy Sana, Drei und mehr Kinder / Trois enfants et",114,110,105.9,101.8,97.7,93.7,89.6
,,,,,,,plus,,,,,,,
153.3,152.4,151.4,150.4,149.4,148.4,,EGK,144.2,143.3,142.4,141.4,140.5,139.5,
119.9,118.9,117.9,116.9,115.9,114.9,,"EGK, ab 3. Kind / dès le 3ème enfant",112.8,111.8,110.9,109.9,109,108.1,
217,211.2,205.4,199.5,193.7,187.9,182,Galenos,201.9,196.4,191,185.6,180.2,174.7,169.3
87.5,81.6,75.8,70,64.1,58.3,52.5,"Galenos, ab 3. Kind / dès le 3ème enfant",81.4,75.9,70.5,65.1,59.7,54.2,48.8
157.7,,,,,128.6,,Helsana,146.7,,,,,119.6,
63.1,,,,,34,,"Helsana, ab 3. Kind / dès le 3ème enfant",58.7,,,,,31.7,
171.8,,,,,148.4,143.8,KLuG,166.6,,,,,144,139.5
155,,143.4,,131.7,,120,KPT,144.2,,133.4,,122.5,,111.6
161.2,155.4,149.6,143.7,137.9,132.1,126.2,"Mutuel, Ein Kind / Un enfant",150,144.6,139.2,133.7,128.3,122.9,117.4
120.9,116.6,112.2,107.8,103.5,99.1,94.7,"Mutuel, Drei und mehr Kinder / Trois enfants et plus",112.5,108.5,104.4,100.3,96.3,92.2,88.1
156.5,,144.9,,133.2,,121.5,ÖKK,145.6,,134.8,,123.9,,113
164,158.2,152.4,146.5,140.7,134.9,129,"Philos, Ein Kind / Un enfant",152.6,147.2,141.8,136.3,130.9,125.5,120
123,118.7,114.3,109.9,105.6,101.2,96.8,"Philos, Drei und mehr Kinder / Trois enfants et plus",114.4,110.4,106.3,102.3,98.3,94.2,90.1
168.6,,,151.1,,,133.6,Rhenusana,156.8,,,140.6,,,124.3
64.9,,,57.1,,,50.5,"Rhenusana, ab 3. Kind / dès le 3ème enfant",60.4,,,53.2,,,47
161.2,155.3,149.5,143.7,137.8,132,126.2,Sana24,150.6,145.2,139.7,134.3,128.8,123.4,117.9
62.2,57.9,53.6,49.2,44.9,40.6,36.3,"Sana24, ab 3. Kind / dès le 3ème enfant",58.2,54.1,50.1,46.1,42,38,33.9
154.7,148.9,143.1,137.2,131.4,125.6,119.7,Sanitas,144.1,138.7,133.3,127.8,122.4,117,111.5
153.8,148,142.2,136.3,130.5,124.7,118.8,"Supra, Ein Kind / Un enfant",143.1,137.7,132.3,126.8,121.4,116,110.5
115.4,111,106.7,102.3,97.9,93.6,89.1,"Supra, Drei und mehr Kinder / Trois enfants et plus",107.4,103.3,99.3,95.2,91.1,87.1,82.9
166.2,,154.6,,142.9,,131.2,Swica,154.6,,143.8,,132.9,,122.1
69.3,,57.7,,46,,37.3,"Swica, ab 3. Kind / dès le 3ème enfant",64.5,,53.6,,42.8,,34.7
156.8,150.9,145.1,139.3,133.4,127.6,121.8,Visana,146.5,141.1,135.6,130.2,124.7,119.3,113.8
68.4,62.5,56.7,50.9,45,39.2,36.8,"Visana, ab 3. Kind / dès le 3ème enfant",63.9,58.5,53,47.6,42.1,36.7,34.4
158,153.3,147,140.6,135.9,129.6,123.3,Vita Surselva,157.1,152.4,146.1,139.8,135.1,128.8,122.5
175.1,169.2,163.4,157.6,151.7,145.9,140.1,Vivacare,163.6,158.2,152.7,147.3,141.8,136.4,130.9
67.6,62.9,58.2,53.5,48.8,44.1,39.4,"Vivacare, ab 3. Kind / dès le 3ème enfant",63.2,58.8,54.4,50,45.6,41.2,36.8
154,,142.4,,130.7,,119,Vivao Sympany,143.3,,132.5,,121.6,,110.7
"Bundesamt für Gesundheit, 3003 Bern",,,,,,,,,September 2023,,,,,
"Office fédéral de la santé publique, 3003 Berne",,,,,,,17/28,,Septembre 2023,,,review-2023-09-24,,
,,,,,,Prämien – Grundversicherung,,,,,,,,
,,,,,,Primes – Assurance de base,,,,,,,,
Mit Unfall / avec risque accidents,,,,,,,2024,VD,,Ohne Unfall / sans risque accidents,,,,
Franchise / Franchise,,,,,,,Kinder / Enfants,,,,,Franchise / Franchise,,
0,100,200,300,400,500,600,Region / Région 2,0,100,200,300,400,500,600
116.7,,105,99.2,93.4,87.5,81.7,Agrisano,110.9,,99.8,94.2,88.7,83.1,77.6
53,,45.6,38.7,32.3,31.3,30.2,"Agrisano, ab 3. Kind / dès le 3ème enfant",50.4,,43.3,36.8,30.7,29.7,28.7
126.7,120.9,115.1,109.3,103.4,97.6,,Aquilana,117.9,112.5,107.1,101.7,96.2,90.8,
63.4,60.5,57.6,54.7,51.7,48.8,,"Aquilana, ab 3. Kind / dès le 3ème enfant",59,56.3,53.6,50.9,48.1,45.4,
136.6,130.8,125,119.1,113.3,107.5,101.6,"Assura, Ein Kind / Un enfant",127.1,121.7,116.3,110.8,105.4,100,94.5
134.7,128.9,123.1,117.2,111.4,105.6,99.7,"Assura, Zwei Kinder / Deux enfants",125.3,119.9,114.5,109,103.7,98.3,92.8
132.9,127.1,121.3,115.4,109.6,103.8,97.9,"Assura, Drei und mehr Kinder / Trois enfants et plus",123.6,118.3,112.9,107.4,102,96.6,91.1
146,140.2,134.4,,122.7,,111,Atupri,138.7,133.2,127.7,,116.6,,105.5
147.7,141.9,136.1,130.2,124.4,118.6,112.7,"Avenir, Ein Kind / Un enfant",137.4,132,126.6,121.1,115.7,110.3,104.9
110.8,106.5,102.1,97.7,93.3,89,84.6,"Avenir, Drei und mehr Kinder / Trois enfants et plus",103.1,99.1,95,90.9,86.8,82.8,78.7
149.3,143.5,137.7,131.8,126,120.2,114.3,Concordia,141.1,135.7,130.2,124.6,119.1,113.6,108.1
70.7,64.9,59.1,53.2,47.4,41.6,37.5,"Concordia, ab 3. Kind / dès le 3ème enfant",66.9,61.4,55.9,50.3,44.8,39.4,35.5
131.3,125.5,119.7,113.8,108,,96.3,CSS,122.1,116.8,111.4,105.9,100.5,,89.6
151.9,146.1,140.3,134.4,128.6,122.8,116.9,"Easy Sana, Ein Kind / Un enfant",141.3,135.9,130.5,125,119.6,114.3,108.8
114,109.6,105.3,100.8,96.5,92.1,87.7,"Easy Sana, Drei und mehr Kinder / Trois enfants et",106.1,102,98,93.8,89.8,85.7,81.6
,,,,,,,plus,,,,,,,
132.7,131.7,130.7,129.7,128.7,127.7,,EGK,124.8,123.8,122.9,122,121,120.1,
103.7,102.7,101.7,100.7,99.7,98.8,,"EGK, ab 3. Kind / dès le 3ème enfant",97.5,96.6,95.6,94.7,93.8,92.9,
198.2,192.3,186.5,180.7,174.8,169,163.2,Galenos,184.3,178.9,173.5,168,162.6,157.2,151.8
79.6,73.8,68,62.1,56.3,50.5,44.6,"Galenos, ab 3. Kind / dès le 3ème enfant",74.1,68.7,63.2,57.8,52.4,47,41.5
150.5,,,,,121.4,,Helsana,140,,,,,113,
60.2,,,,,32.3,,"Helsana, ab 3. Kind / dès le 3ème enfant",56,,,,,30.1,
160.8,,,,,137.4,132.8,KLuG,156,,,,,133.3,128.8
138.9,,127.3,,115.6,,103.9,KPT,129.2,,118.4,,107.5,,96.6
153.2,147.4,141.6,135.7,129.9,124.1,118.2,"Mutuel, Ein Kind / Un enfant",142.5,137.1,131.7,126.3,120.9,115.5,110
114.9,110.6,106.2,101.8,97.5,93.1,88.7,"Mutuel, Drei und mehr Kinder / Trois enfants et plus",106.9,102.9,98.8,94.7,90.7,86.6,82.5
149,,137.4,,125.7,,114,ÖKK,138.6,,127.8,,117,,106.1
147.6,141.8,136,130.1,124.3,118.5,112.6,"Philos, Ein Kind / Un enfant",137.3,131.9,126.5,121,115.6,110.3,104.8
110.7,106.4,102,97.6,93.3,88.9,84.5,"Philos, Drei und mehr Kinder / Trois enfants et plus",103,99,94.9,90.8,86.8,82.7,78.6
161.7,,,144.2,,,126.7,Rhenusana,150.4,,,134.2,,,117.9
62.1,,,54.3,,,47.9,"Rhenusana, ab 3. Kind / dès le 3ème enfant",57.8,,,50.5,,,44.6
153.5,147.7,141.9,136,130.2,124.4,118.5,Sana24,143.5,138.1,132.6,127.2,121.7,116.3,110.8
59.3,55.2,51.1,46.9,42.8,38.7,34.6,"Sana24, ab 3. Kind / dès le 3ème enfant",55.4,51.6,47.7,43.9,40,36.2,32.3
153.9,148.1,142.3,136.4,130.6,124.8,118.9,Sanitas,143.3,137.9,132.5,127,121.6,116.2,110.7
144.6,138.8,133,127.1,121.3,115.5,109.6,"Supra, Ein Kind / Un enfant",134.5,129.1,123.7,118.3,112.9,107.5,102
108.5,104.1,99.8,95.4,91,86.7,82.2,"Supra, Drei und mehr Kinder / Trois enfants et plus",101,96.9,92.9,88.8,84.7,80.7,76.5
159.7,,148.1,,136.4,,124.7,Swica,148.6,,137.7,,126.9,,116
66.6,,55,,43.3,,35.9,"Swica, ab 3. Kind / dès le 3ème enfant",62,,51.1,,40.3,,33.3
150.5,144.6,138.8,133,127.1,121.3,115.5,Visana,140.6,135.2,129.7,124.3,118.8,113.4,107.9
65.6,59.8,54,48.1,42.3,36.5,35.3,"Visana, ab 3. Kind / dès le 3ème enfant",61.4,55.9,50.5,45,39.6,34.1,33
148,142.4,137.7,131.7,125.8,119.9,114,Vita Surselva,147.1,141.6,136.8,130.9,125.1,119.2,113.3
165.9,160.1,154.2,148.4,142.6,136.7,130.9,Vivacare,155.1,149.6,144.2,138.7,133.3,127.8,122.4
64.1,59.6,55.1,50.7,46.2,41.8,37.3,"Vivacare, ab 3. Kind / dès le 3ème enfant",59.9,55.7,51.6,47.4,43.2,39.1,34.9
156.8,,145.1,,133.5,,121.8,Vivao Sympany,145.9,,135,,124.2,,113.3
"Bundesamt für Gesundheit, 3003 Bern",,,,,,,,,September 2023,,,,,
"Office fédéral de la santé publique, 3003 Berne",,,,,,,18/28,,Septembre 2023,,,review-2023-09-24,,
,,,,Prämien – Weitere Versicherungsmodelle,,,,,,,,,,
,,,,Primes – Autres modèles d'assurance,,,,,,,,,,
Mit Unfall / avec risque accidents,,,,,,,2024,VD,,Ohne Unfall / sans risque accidents,,,,
Franchise / Franchise,,,,,,,Kinder / Enfants,,,,,Franchise / Franchise,,
0,100,200,300,400,500,600,Region / Région 1,0,100,200,300,400,500,600
115.7,110.7,105.7,100.6,94.4,87.3,,"Aquilana, SMARTMED",107.7,103,98.4,93.6,87.8,81.2,
57.9,55.4,52.9,50.3,47.2,43.7,,"Aquilana, SMARTMED, ab 3. Kind / dès le 3ème",53.9,51.5,49.2,46.8,43.9,40.6,
,,,,,,,enfant,,,,,,,
131.3,125.5,119.7,113.8,108,102.2,96.3,"Assura, Gesundheitnetz, Ein Kind / Un enfant",122.2,116.8,111.4,105.9,100.5,95.1,89.6
129.6,123.8,118,112.1,106.3,100.5,94.6,"Assura, Gesundheitnetz, Zwei Kinder / Deux enfants",120.6,115.2,109.8,104.3,98.9,93.5,88
127.8,122,116.2,110.3,104.5,98.7,92.8,"Assura, Gesundheitnetz, Drei und mehr Kinder / Trois",118.9,113.5,108.1,102.6,97.2,91.8,86.4
,,,,,,,enfants et plus,,,,,,,
138.8,133,127.2,,115.5,,103.8,"Atupri, SmartCare",131.9,126.4,120.8,,109.7,,98.6
141.8,136,130.2,,118.5,,106.8,"Atupri, TelFirst",134.7,129.2,123.7,,112.6,,101.5
139.8,134,128.2,122.3,116.5,110.7,104.8,"Avenir, PrimaFlex, Ein Kind / Un enfant",130.1,124.7,119.3,113.8,108.4,103,97.5
104.9,100.5,96.2,91.8,87.4,83.1,78.6,"Avenir, PrimaFlex, Drei und mehr Kinder / Trois",97.6,93.5,89.5,85.4,81.3,77.3,73.1
,,,,,,,enfants et plus,,,,,,,
143,137.2,131.4,125.5,119.7,113.9,108,"Avenir, SanaTel, Ein Kind / Un enfant",133,127.6,122.3,116.8,111.4,106,100.5
107.3,102.9,98.6,94.2,89.8,85.5,81,"Avenir, SanaTel, Drei und mehr Kinder / Trois enfants",99.8,95.7,91.7,87.7,83.6,79.6,75.4
,,,,,,,et plus,,,,,,,
134.5,128.7,122.9,117,111.2,105.4,99.5,"Concordia, smartDoc",127.2,121.7,116.2,110.6,105.1,99.7,94.1
63.7,57.9,52.1,46.2,40.4,39.4,39.4,"Concordia, smartDoc, ab 3. Kind / dès le 3ème enfant",60.2,54.8,49.3,43.7,38.2,37.3,37.3
125.3,119.5,113.7,107.8,102,,90.3,"CSS, Callmed",116.6,111.2,105.8,100.3,94.9,,84
143.8,138,132.2,126.3,120.5,114.7,108.8,"Easy Sana, PrimaFlex, Ein Kind / Un enfant",133.8,128.4,123,117.5,112.1,106.7,101.2
107.9,103.5,99.2,94.8,90.4,86.1,81.6,"Easy Sana, PrimaFlex, Drei und mehr Kinder / Trois",100.4,96.3,92.3,88.2,84.1,80.1,75.9
,,,,,,,enfants et plus,,,,,,,
147,141.2,135.4,129.5,123.7,117.9,112,"Easy Sana, SanaTel, Ein Kind / Un enfant",136.8,131.4,126,120.5,115.1,109.7,104.2
110.3,105.9,101.6,97.2,92.8,88.5,84,"Easy Sana, SanaTel, Drei und mehr Kinder / Trois",102.6,98.5,94.5,90.4,86.4,82.4,78.2
,,,,,,,enfants et plus,,,,,,,
135,134,133,132,131,130,,"EGK, EGK-TelCare",126.9,126,125.1,124.1,123.2,122.2,
105.6,104.6,103.6,102.6,101.6,100.6,,"EGK, EGK-TelCare, ab 3. Kind / dès le 3ème enfant",99.3,98.4,97.4,96.5,95.6,94.6,
134,,,,,104.9,,"Helsana, BeneFit PLUS Telmed",124.7,,,,,97.6,
53.6,,,,,33.9,,"Helsana, BeneFit PLUS Telmed, ab 3. Kind / dès le",49.9,,,,,31.6,
,,,,,,,3ème enfant,,,,,,,
145,,,,,115.9,,"Helsana, Premed-24",134.9,,,,,107.8,
58,,,,,33.9,,"Helsana, Premed-24, ab 3. Kind / dès le 3ème enfant",54,,,,,31.6,
133.4,,123.4,,113.4,,103.3,"KPT, KPTwin.easy",124,,114.7,,105.4,,96
142.7,,132,,121.2,,110.5,"KPT, KPTwin.win",132.7,,122.7,,112.7,,102.7
143.5,137.7,131.9,126,120.2,114.4,108.5,"Mutuel, PrimaFlex, Ein Kind / Un enfant",133.5,128.1,122.7,117.2,111.8,106.4,101
107.7,103.3,99,94.5,90.2,85.8,81.4,"Mutuel, PrimaFlex, Drei und mehr Kinder / Trois",100.2,96.1,92.1,87.9,83.9,79.8,75.8
,,,,,,,enfants et plus,,,,,,,
144.3,138.5,132.7,126.8,121,115.2,109.3,"Mutuel, SanaTel, Ein Kind / Un enfant",134.2,128.9,123.5,118,112.6,107.2,101.7
108.3,103.9,99.6,95.1,90.8,86.4,82,"Mutuel, SanaTel, Drei und mehr Kinder / Trois enfants",100.8,96.7,92.7,88.5,84.5,80.4,76.3
,,,,,,,et plus,,,,,,,
137,,125.4,,113.7,,102,"ÖKK, Select",127.5,,116.7,,105.8,,94.9
144.8,,133.2,,121.5,,109.8,"ÖKK, Telemedizin",134.7,,123.9,,113,,102.2
142.7,136.9,131.1,125.2,119.4,113.6,107.7,"Philos, PrimaFlex, Ein Kind / Un enfant",132.8,127.4,122,116.5,111.1,105.7,100.2
107.1,102.7,98.4,93.9,89.6,85.2,80.8,"Philos, PrimaFlex, Drei und mehr Kinder / Trois",99.7,95.6,91.6,87.4,83.4,79.3,75.2
,,,,,,,enfants et plus,,,,,,,
146,140.2,134.4,128.5,122.7,116.9,111,"Philos, SanaTel, Ein Kind / Un enfant",135.8,130.4,125,119.6,114.2,108.8,103.3
109.5,105.2,100.8,96.4,92.1,87.7,83.3,"Philos, SanaTel, Drei und mehr Kinder / Trois enfants",101.9,97.9,93.8,89.7,85.7,81.6,77.5
,,,,,,,et plus,,,,,,,
159.6,153.7,147.9,142.1,136.2,130.4,124.6,"Sana24, Combi Care",149.1,143.7,138.2,132.8,127.3,121.9,116.4
61.6,57.3,53,48.8,44.5,40.2,35.9,"Sana24, Combi Care, ab 3. Kind / dès le 3ème enfant",57.6,53.6,49.6,45.6,41.6,37.6,33.6
159.6,153.7,147.9,142.1,136.2,130.4,124.6,"Sana24, Med Call",149.1,143.7,138.2,132.8,127.3,121.9,116.4
61.6,57.3,53,48.8,44.5,40.2,35.9,"Sana24, Med Call, ab 3. Kind / dès le 3ème enfant",57.6,53.6,49.6,45.6,41.6,37.6,33.6
"Bundesamt für Gesundheit, 3003 Bern",,,,,,,,,September 2023,,,,,
"Office fédéral de la santé publique, 3003 Berne",,,,,,,19/28,,Septembre 2023,,,review-2023-09-24,,
Mit Unfall / avec risque accidents,,,,,,,2024,VD,,Ohne Unfall / sans risque accidents,,,,
Franchise / Franchise,,,,,,,Kinder / Enfants,,,,,Franchise / Franchise,,
0,100,200,300,400,500,600,Region / Région 1,0,100,200,300,400,500,600
159.6,153.7,147.9,142.1,136.2,130.4,124.6,"Sana24, Tel Doc",149.1,143.7,138.2,132.8,127.3,121.9,116.4
61.6,57.3,53,48.8,44.5,40.2,35.9,"Sana24, Tel Doc, ab 3. Kind / dès le 3ème enfant",57.6,53.6,49.6,45.6,41.6,37.6,33.6
150.1,144.3,138.5,132.6,126.8,121,115.1,"Sanitas, CallMed",139.8,134.4,129,123.5,118.1,112.7,107.2
148.6,142.8,137,131.1,125.3,119.5,113.6,"Sanitas, CompactOne",138.4,133,127.6,122.1,116.7,111.3,105.8
135.4,129.6,123.8,117.9,112.1,106.3,100.4,"Supra, PrimaFlex, Ein Kind / Un enfant",126,120.6,115.2,109.7,104.3,98.9,93.4
101.6,97.2,92.9,88.5,84.1,79.8,75.3,"Supra, PrimaFlex, Drei und mehr Kinder / Trois",94.5,90.4,86.4,82.4,78.3,74.3,70.1
,,,,,,,enfants et plus,,,,,,,
166.2,,154.6,,142.9,,131.2,"Swica, FAVORIT TELMED",154.6,,143.8,,132.9,,122.1
69.3,,57.7,,46,,37.3,"Swica, FAVORIT TELMED, ab 3. Kind / dès le 3ème",64.5,,53.6,,42.8,,34.7
,,,,,,,enfant,,,,,,,
155.2,149.4,143.5,137.7,131.9,126,120.2,"Visana, Combi Care",145.1,139.6,134.2,128.7,123.3,117.8,112.4
67.7,61.9,56,50.2,44.4,38.5,36.8,"Visana, Combi Care, ab 3. Kind / dès le 3ème enfant",63.3,57.8,52.4,46.9,41.5,36,34.4
155.2,149.4,143.5,137.7,131.9,126,120.2,"Visana, Med Call",145.1,139.6,134.2,128.7,123.3,117.8,112.4
67.7,61.9,56,50.2,44.4,38.5,36.8,"Visana, Med Call, ab 3. Kind / dès le 3ème enfant",63.3,57.8,52.4,46.9,41.5,36,34.4
138,132.2,126.3,120.5,114.7,108.8,103,"Visana, Tel Care",129,123.5,118.1,112.6,107.2,101.7,96.3
60.2,54.4,48.6,42.7,36.9,36.8,36.8,"Visana, Tel Care, ab 3. Kind / dès le 3ème enfant",56.3,50.9,45.4,40,34.5,34.4,34.4
138,132.2,126.3,120.5,114.7,108.8,103,"Visana, Tel Doc",129,123.5,118.1,112.6,107.2,101.7,96.3
60.2,54.4,48.6,42.7,36.9,36.8,36.8,"Visana, Tel Doc, ab 3. Kind / dès le 3ème enfant",56.3,50.9,45.4,40,34.5,34.4,34.4
173.3,167.5,161.7,155.8,150,144.2,138.3,"Vivacare, Combi Care",162,156.6,151.1,145.7,140.2,134.8,129.3
66.9,62.3,57.6,52.9,48.3,43.6,39,"Vivacare, Combi Care, ab 3. Kind / dès le 3ème enfant",62.6,58.2,53.9,49.5,45.2,40.8,36.5
173.3,167.5,161.7,155.8,150,144.2,138.3,"Vivacare, Med Call",162,156.6,151.1,145.7,140.2,134.8,129.3
66.9,62.3,57.6,52.9,48.3,43.6,39,"Vivacare, Med Call, ab 3. Kind / dès le 3ème enfant",62.6,58.2,53.9,49.5,45.2,40.8,36.5
152.4,146.5,140.7,134.9,129,123.2,117.4,"Vivacare, Tel Care",142.4,137,131.5,126.1,120.6,115.2,109.7
58.8,54.8,50.7,46.6,42.5,38.4,36.4,"Vivacare, Tel Care, ab 3. Kind / dès le 3ème enfant",55,51.2,47.4,43.6,39.7,35.9,34
161.1,155.3,149.4,143.6,137.8,131.9,126.1,"Vivacare, Tel Doc",150.6,145.1,139.7,134.2,128.8,123.3,117.9
62.2,57.9,53.6,49.2,44.9,40.6,36.4,"Vivacare, Tel Doc, ab 3. Kind / dès le 3ème enfant",58.2,54.1,50.1,46,42,37.9,34
130.2,,118.5,,106.8,,95.2,"Vivao Sympany, FlexHelp 24",121.1,,110.3,,99.4,,88.6
"Bundesamt für Gesundheit, 3003 Bern",,,,,,,,,September 2023,,,,,
"Office fédéral de la santé publique, 3003 Berne",,,,,,,20/28,,Septembre 2023,,,review-2023-09-24,,
,,,,Prämien – Weitere Versicherungsmodelle,,,,,,,,,,
,,,,Primes – Autres modèles d'assurance,,,,,,,,,,
Mit Unfall / avec risque accidents,,,,,,,2024,VD,,Ohne Unfall / sans risque accidents,,,,
Franchise / Franchise,,,,,,,Kinder / Enfants,,,,,Franchise / Franchise,,
0,100,200,300,400,500,600,Region / Région 2,0,100,200,300,400,500,600
110.2,105.2,100.2,95.1,88.9,82,,"Aquilana, SMARTMED",102.5,97.9,93.2,88.5,82.7,76.3,
55.1,52.6,50.1,47.6,44.5,41,,"Aquilana, SMARTMED, ab 3. Kind / dès le 3ème",51.3,49,46.6,44.3,41.4,38.2,
,,,,,,,enfant,,,,,,,
120.3,114.5,108.7,102.8,97,91.2,85.3,"Assura, Gesundheitnetz, Ein Kind / Un enfant",111.9,106.5,101.1,95.7,90.3,84.9,79.4
118.6,112.8,107,101.1,95.3,89.5,83.6,"Assura, Gesundheitnetz, Zwei Kinder / Deux enfants",110.3,105,99.6,94.1,88.7,83.3,77.8
117,111.2,105.4,99.5,93.7,87.9,82,"Assura, Gesundheitnetz, Drei und mehr Kinder / Trois",108.9,103.5,98.1,92.6,87.2,81.8,76.3
,,,,,,,enfants et plus,,,,,,,
128.5,122.7,116.9,,105.2,,93.5,"Atupri, SmartCare",122.1,116.6,111.1,,99.9,,88.8
128.5,122.7,116.9,,105.2,,93.5,"Atupri, TelFirst",122.1,116.6,111.1,,99.9,,88.8
130,124.2,118.4,112.5,106.7,100.9,95,"Avenir, PrimaFlex, Ein Kind / Un enfant",120.9,115.6,110.2,104.7,99.3,93.9,88.4
97.5,93.2,88.8,84.4,80.1,75.7,71.3,"Avenir, PrimaFlex, Drei und mehr Kinder / Trois",90.7,86.7,82.6,78.5,74.5,70.5,66.4
,,,,,,,enfants et plus,,,,,,,
133,127.2,121.4,115.5,109.7,103.9,98,"Avenir, SanaTel, Ein Kind / Un enfant",123.7,118.3,113,107.5,102.1,96.7,91.2
99.8,95.4,91.1,86.7,82.3,78,73.5,"Avenir, SanaTel, Drei und mehr Kinder / Trois enfants",92.9,88.8,84.8,80.7,76.6,72.6,68.4
,,,,,,,et plus,,,,,,,
127.7,121.9,116.1,110.2,104.4,98.6,92.7,"Concordia, smartDoc",120.7,115.2,109.8,104.2,98.7,93.2,87.7
60.5,54.7,48.9,43,37.5,37.5,37.5,"Concordia, smartDoc, ab 3. Kind / dès le 3ème enfant",57.2,51.7,46.3,40.7,35.5,35.5,35.5
118.2,112.4,106.6,100.7,94.9,,83.2,"CSS, Callmed",109.9,104.5,99.1,93.7,88.3,,77.4
133.7,127.9,122.1,116.2,110.4,104.6,98.7,"Easy Sana, PrimaFlex, Ein Kind / Un enfant",124.4,119,113.6,108.1,102.7,97.3,91.8
100.3,96,91.6,87.2,82.8,78.5,74.1,"Easy Sana, PrimaFlex, Drei und mehr Kinder / Trois",93.3,89.3,85.2,81.1,77.1,73.1,69
,,,,,,,enfants et plus,,,,,,,
136.7,130.9,125.1,119.2,113.4,107.6,101.7,"Easy Sana, SanaTel, Ein Kind / Un enfant",127.2,121.8,116.4,110.9,105.5,100.1,94.6
102.6,98.2,93.9,89.4,85.1,80.7,76.3,"Easy Sana, SanaTel, Drei und mehr Kinder / Trois",95.5,91.4,87.4,83.2,79.2,75.1,71
,,,,,,,enfants et plus,,,,,,,
118.3,117.3,116.3,115.3,114.3,113.3,,"EGK, EGK-TelCare",111.3,110.3,109.4,108.4,107.5,106.6,
92.4,91.5,90.5,89.5,88.5,87.5,,"EGK, EGK-TelCare, ab 3. Kind / dès le 3ème enfant",86.9,86.1,85.1,84.2,83.2,82.3,
127.9,,,,,98.8,,"Helsana, BeneFit PLUS Telmed",119,,,,,91.9,
51.1,,,,,32.3,,"Helsana, BeneFit PLUS Telmed, ab 3. Kind / dès le",47.6,,,,,30.1,
,,,,,,,3ème enfant,,,,,,,
138.4,,,,,109.3,,"Helsana, Premed-24",128.8,,,,,101.7,
55.3,,,,,32.3,,"Helsana, Premed-24, ab 3. Kind / dès le 3ème enfant",51.5,,,,,30.1,
119.5,,109.6,,99.5,,89.4,"KPT, KPTwin.easy",111.1,,101.9,,92.5,,83.1
127.9,,117.3,,106.5,,95.6,"KPT, KPTwin.win",118.9,,109,,99,,88.9
136.3,130.5,124.7,118.8,113,107.2,101.3,"Mutuel, PrimaFlex, Ein Kind / Un enfant",126.8,121.4,116,110.5,105.1,99.7,94.3
102.3,97.9,93.6,89.1,84.8,80.4,76,"Mutuel, PrimaFlex, Drei und mehr Kinder / Trois",95.2,91.1,87.1,82.9,78.9,74.8,70.7
,,,,,,,enfants et plus,,,,,,,
137.1,131.3,125.5,119.6,113.8,108,102.1,"Mutuel, SanaTel, Ein Kind / Un enfant",127.6,122.2,116.8,111.3,105.9,100.5,95
102.9,98.5,94.2,89.7,85.4,81,76.6,"Mutuel, SanaTel, Drei und mehr Kinder / Trois enfants",95.7,91.7,87.7,83.5,79.5,75.4,71.3
,,,,,,,et plus,,,,,,,
130.4,,118.8,,107.1,,95.4,"ÖKK, Select",121.3,,110.5,,99.7,,88.8
137.9,,126.3,,114.6,,102.9,"ÖKK, Telemedizin",128.3,,117.5,,106.6,,95.7
128.5,122.7,116.9,111,105.2,99.4,93.5,"Philos, PrimaFlex, Ein Kind / Un enfant",119.6,114.2,108.8,103.3,97.9,92.5,87
96.4,92.1,87.7,83.3,78.9,74.6,70.2,"Philos, PrimaFlex, Drei und mehr Kinder / Trois",89.7,85.7,81.6,77.5,73.4,69.4,65.3
,,,,,,,enfants et plus,,,,,,,
131.4,125.6,119.8,113.9,108.1,102.3,96.4,"Philos, SanaTel, Ein Kind / Un enfant",122.3,116.9,111.5,106,100.6,95.2,89.7
98.6,94.2,89.9,85.5,81.1,76.8,72.3,"Philos, SanaTel, Drei und mehr Kinder / Trois enfants",91.7,87.7,83.7,79.6,75.5,71.5,67.3
,,,,,,,et plus,,,,,,,
152,146.2,140.3,134.5,128.7,122.8,117,"Sana24, Combi Care",142.1,136.6,131.2,125.7,120.3,114.8,109.4
58.7,54.6,50.5,46.5,42.4,38.3,34.2,"Sana24, Combi Care, ab 3. Kind / dès le 3ème enfant",54.9,51.1,47.3,43.5,39.6,35.8,32
152,146.2,140.3,134.5,128.7,122.8,117,"Sana24, Med Call",142.1,136.6,131.2,125.7,120.3,114.8,109.4
58.7,54.6,50.5,46.5,42.4,38.3,34.2,"Sana24, Med Call, ab 3. Kind / dès le 3ème enfant",54.9,51.1,47.3,43.5,39.6,35.8,32
"Bundesamt für Gesundheit, 3003 Bern",,,,,,,,,September 2023,,,,,
"Office fédéral de la santé publique, 3003 Berne",,,,,,,21/28,,Septembre 2023,,,review-2023-09-24,,
Mit Unfall / avec risque accidents,,,,,,,2024,VD,,Ohne Unfall / sans risque accidents,,,,
Franchise / Franchise,,,,,,,Kinder / Enfants,,,,,Franchise / Franchise,,
0,100,200,300,400,500,600,Region / Région 2,0,100,200,300,400,500,600
152,146.2,140.3,134.5,128.7,122.8,117,"Sana24, Tel Doc",142.1,136.6,131.2,125.7,120.3,114.8,109.4
58.7,54.6,50.5,46.5,42.4,38.3,34.2,"Sana24, Tel Doc, ab 3. Kind / dès le 3ème enfant",54.9,51.1,47.3,43.5,39.6,35.8,32
149.3,143.5,137.7,131.8,126,120.2,114.3,"Sanitas, CallMed",139,133.6,128.2,122.8,117.4,112,106.5
147.8,142,136.2,130.3,124.5,118.7,112.8,"Sanitas, CompactOne",137.7,132.3,126.9,121.4,116,110.6,105.1
127.3,121.5,115.7,109.8,104,98.2,92.3,"Supra, PrimaFlex, Ein Kind / Un enfant",118.4,113,107.7,102.2,96.8,91.4,85.9
95.5,91.2,86.8,82.4,78,73.7,69.3,"Supra, PrimaFlex, Drei und mehr Kinder / Trois",88.9,84.9,80.8,76.7,72.6,68.6,64.5
,,,,,,,enfants et plus,,,,,,,
159.7,,148.1,,136.4,,124.7,"Swica, FAVORIT TELMED",148.6,,137.7,,126.9,,116
66.6,,55,,43.3,,35.9,"Swica, FAVORIT TELMED, ab 3. Kind / dès le 3ème",62,,51.1,,40.3,,33.3
,,,,,,,enfant,,,,,,,
149,143.1,137.3,131.5,125.6,119.8,114,"Visana, Combi Care",139.2,133.8,128.3,122.9,117.4,112,106.5
65,59.2,53.3,47.5,41.7,35.8,35.3,"Visana, Combi Care, ab 3. Kind / dès le 3ème enfant",60.8,55.3,49.9,44.4,39,33.5,33
149,143.1,137.3,131.5,125.6,119.8,114,"Visana, Med Call",139.2,133.8,128.3,122.9,117.4,112,106.5
65,59.2,53.3,47.5,41.7,35.8,35.3,"Visana, Med Call, ab 3. Kind / dès le 3ème enfant",60.8,55.3,49.9,44.4,39,33.5,33
132.4,126.6,120.8,114.9,109.1,103.3,97.4,"Visana, Tel Care",123.8,118.4,112.9,107.5,102,96.5,91.1
57.8,52.1,46.1,40.3,35.3,35.3,35.3,"Visana, Tel Care, ab 3. Kind / dès le 3ème enfant",54.1,48.7,43.2,37.7,33,33,33
132.4,126.6,120.8,114.9,109.1,103.3,97.4,"Visana, Tel Doc",123.8,118.4,112.9,107.5,102,96.5,91.1
57.8,52.1,46.1,40.3,35.3,35.3,35.3,"Visana, Tel Doc, ab 3. Kind / dès le 3ème enfant",54.1,48.7,43.2,37.7,33,33,33
164.2,158.4,152.6,146.7,140.9,135.1,129.2,"Vivacare, Combi Care",153.5,148.1,142.6,137.2,131.7,126.3,120.8
63.4,59,54.6,50.2,45.8,41.4,36.9,"Vivacare, Combi Care, ab 3. Kind / dès le 3ème enfant",59.3,55.2,51,46.9,42.8,38.7,34.6
164.2,158.4,152.6,146.7,140.9,135.1,129.2,"Vivacare, Med Call",153.5,148.1,142.6,137.2,131.7,126.3,120.8
63.4,59,54.6,50.2,45.8,41.4,36.9,"Vivacare, Med Call, ab 3. Kind / dès le 3ème enfant",59.3,55.2,51,46.9,42.8,38.7,34.6
144.4,138.5,132.7,126.9,121,115.2,109.4,"Vivacare, Tel Care",135,129.5,124.1,118.6,113.2,107.7,102.2
55.8,51.9,48,44.1,40.3,36.4,34.5,"Vivacare, Tel Care, ab 3. Kind / dès le 3ème enfant",52.2,48.5,44.9,41.3,37.7,34,32.3
152.7,146.8,141,135.2,129.3,123.5,117.7,"Vivacare, Tel Doc",142.7,137.2,131.8,126.3,120.9,115.4,110
59,54.9,50.8,46.7,42.6,38.5,34.5,"Vivacare, Tel Doc, ab 3. Kind / dès le 3ème enfant",55.1,51.3,47.5,43.6,39.8,36,32.3
132.5,,120.8,,109.2,,97.5,"Vivao Sympany, FlexHelp 24",123.3,,112.4,,101.6,,90.7
"Bundesamt für Gesundheit, 3003 Bern",,,,,,,,,September 2023,,,,,
"Office fédéral de la santé publique, 3003 Berne",,,,,,,22/28,,Septembre 2023,,,review-2023-09-24,,
,,,,,,Prämien – Hausarztmodell,,,,,,,,
,,,,,,Primes – Médecin de famille,,,,,,,,
Mit Unfall / avec risque accidents,,,,,,,2024,VD,,Ohne Unfall / sans risque accidents,,,,
Franchise / Franchise,,,,,,,Kinder / Enfants,,,,,Franchise / Franchise,,
0,100,200,300,400,500,600,Region / Région 1,0,100,200,300,400,500,600
132.8,127,121.2,115.3,109.5,103.7,97.8,"Assura, Hausarzt Modell, Ein Kind / Un enfant",123.6,118.2,112.8,107.3,101.9,96.5,91
131.1,125.3,119.5,113.6,107.8,102,96.1,"Assura, Hausarzt Modell, Zwei Kinder / Deux enfants",122,116.6,111.2,105.7,100.3,94.9,89.4
129.3,123.5,117.7,111.8,106,100.2,94.3,"Assura, Hausarzt Modell, Drei und mehr Kinder / Trois",120.3,114.9,109.5,104,98.6,93.2,87.7
,,,,,,,enfants et plus,,,,,,,
132.1,126.3,120.5,114.6,108.8,103,97.1,"Assura, PharMed, Ein Kind / Un enfant",122.9,117.5,112.1,106.6,101.2,95.8,90.4
130.3,124.5,118.7,112.8,107,101.2,95.3,"Assura, PharMed, Zwei Kinder / Deux enfants",121.2,115.8,110.4,105,99.6,94.2,88.7
128.6,122.8,117,111.1,105.3,99.5,93.6,"Assura, PharMed, Drei und mehr Kinder / Trois",119.6,114.3,108.9,103.4,98,92.6,87.1
,,,,,,,enfants et plus,,,,,,,
141.8,136,130.2,124.3,118.5,112.7,106.8,"Assura, PreventoMed, Ein Kind / Un enfant",131.9,126.5,121.1,115.6,110.3,104.9,99.4
139.9,134.1,128.3,122.4,116.6,110.8,104.9,"Assura, PreventoMed, Zwei Kinder / Deux enfants",130.2,124.8,119.4,113.9,108.5,103.1,97.6
138,132.2,126.4,120.5,114.7,108.9,103,"Assura, PreventoMed, Drei und mehr Kinder / Trois",128.4,123,117.6,112.1,106.7,101.3,95.8
,,,,,,,enfants et plus,,,,,,,
130.6,124.8,119,113.1,107.3,101.5,95.6,"Assura, Qualimed, Ein Kind / Un enfant",121.5,116.1,110.7,105.2,99.8,94.4,89
128.8,123,117.2,111.3,105.5,99.7,93.8,"Assura, Qualimed, Zwei Kinder / Deux enfants",119.8,114.4,109,103.6,98.2,92.8,87.3
127.1,121.3,115.5,109.6,103.8,98,92.1,"Assura, Qualimed, Drei und mehr Kinder / Trois",118.3,112.9,107.5,102,96.6,91.2,85.7
,,,,,,,enfants et plus,,,,,,,
144.6,138.8,133,127.1,121.3,115.5,109.6,"Avenir, PrimaCare, Ein Kind / Un enfant",134.5,129.1,123.7,118.3,112.9,107.5,102
108.5,104.1,99.8,95.4,91,86.7,82.2,"Avenir, PrimaCare, Drei und mehr Kinder / Trois",100.9,96.9,92.8,88.8,84.7,80.7,76.5
,,,,,,,enfants et plus,,,,,,,
137.7,131.9,126.1,120.2,114.4,108.6,102.7,"Concordia, MyDoc",130.2,124.7,119.2,113.6,108.2,102.7,97.1
65.1,59.3,53.5,47.6,41.8,39.4,39.4,"Concordia, MyDoc, ab 3. Kind / dès le 3ème enfant",61.6,56.1,50.6,45,39.6,37.3,37.3
122.3,116.5,110.7,104.8,99,,87.3,"CSS, Gesundheitspraxisversicherung T1",113.7,108.3,102.9,97.5,92.1,,81.2
123.8,118,112.2,106.3,100.5,,88.8,"CSS, Gesundheitspraxisversicherung T2",115.1,109.7,104.3,98.8,93.4,,82.5
125.2,119.4,113.6,107.7,101.9,,90.2,"CSS, Gesundheitspraxisversicherung T3",116.4,111,105.7,100.2,94.8,,83.9
121.2,115.4,109.6,103.7,97.9,,86.2,"CSS, Hausarztversicherung Profit",112.7,107.3,101.9,96.4,91,,80.1
127.2,121.4,115.6,109.7,103.9,,92.2,"CSS, Multimed",118.3,112.9,107.5,102,96.6,,85.7
150.3,144.5,138.7,132.8,127,121.2,115.3,"Easy Sana, PrimaCare, Ein Kind / Un enfant",139.8,134.4,129,123.6,118.2,112.8,107.3
112.8,108.4,104.1,99.6,95.3,90.9,86.5,"Easy Sana, PrimaCare, Drei und mehr Kinder / Trois",104.9,100.8,96.8,92.7,88.7,84.6,80.5
,,,,,,,enfants et plus,,,,,,,
135,134,133,132,131,130,,"EGK, EGK-Care",126.9,126,125.1,124.1,123.2,122.2,
105.6,104.6,103.6,102.6,101.6,100.6,,"EGK, EGK-Care, ab 3. Kind / dès le 3ème enfant",99.3,98.4,97.4,96.5,95.6,94.6,
183,177.2,171.3,165.5,159.7,153.8,148,"Galenos, Med Direct",170.2,164.8,159.4,153.9,148.5,143.1,137.7
73.8,68,62.1,56.3,50.5,47.2,47.2,"Galenos, Med Direct, ab 3. Kind / dès le 3ème enfant",68.6,63.2,57.8,52.4,46.9,44,44
132.4,,,,,103.3,,"Helsana, BeneFit PLUS Flexmed",123.2,,,,,96.1,
53,,,,,33.9,,"Helsana, BeneFit PLUS Flexmed, ab 3. Kind / dès le",49.3,,,,,31.6,
,,,,,,,3ème enfant,,,,,,,
132.4,,,,,103.3,,"Helsana, BeneFit PLUS Hausarzt R1",123.2,,,,,96.1,
53,,,,,33.9,,"Helsana, BeneFit PLUS Hausarzt R1, ab 3. Kind / dès",49.3,,,,,31.6,
,,,,,,,le 3ème enfant,,,,,,,
135.6,,,,,106.5,,"Helsana, BeneFit PLUS Hausarzt R2",126.2,,,,,99.1,
54.2,,,,,33.9,,"Helsana, BeneFit PLUS Hausarzt R2, ab 3. Kind / dès",50.5,,,,,31.6,
,,,,,,,le 3ème enfant,,,,,,,
138.7,,,,,109.6,,"Helsana, BeneFit PLUS Hausarzt R3",129,,,,,102,
55.5,,,,,33.9,,"Helsana, BeneFit PLUS Hausarzt R3, ab 3. Kind / dès",51.7,,,,,31.6,
,,,,,,,le 3ème enfant,,,,,,,
141.9,,,,,112.8,,"Helsana, BeneFit PLUS Hausarzt R4",132,,,,,105,
56.7,,,,,33.9,,"Helsana, BeneFit PLUS Hausarzt R4, ab 3. Kind / dès",52.8,,,,,31.6,
,,,,,,,le 3ème enfant,,,,,,,
131.9,,122,,112.1,,102.1,"KPT, KPTwin.doc",122.6,,113.4,,104.2,,94.9
150,144.2,138.4,132.5,126.7,120.9,115,"Mutuel, PrimaCare, Ein Kind / Un enfant",139.5,134.2,128.8,123.3,117.9,112.5,107
"Bundesamt für Gesundheit, 3003 Bern",,,,,,,,,September 2023,,,,,
"Office fédéral de la santé publique, 3003 Berne",,,,,,,23/28,,Septembre 2023,,,review-2023-09-24,,
Mit Unfall / avec risque accidents,,,,,,,2024,VD,,Ohne Unfall / sans risque accidents,,,,
Franchise / Franchise,,,,,,,Kinder / Enfants,,,,,Franchise / Franchise,,
0,100,200,300,400,500,600,Region / Région 1,0,100,200,300,400,500,600
112.5,108.2,103.8,99.4,95.1,90.7,86.3,"Mutuel, PrimaCare, Drei und mehr Kinder / Trois",104.7,100.7,96.6,92.5,88.5,84.4,80.3
,,,,,,,enfants et plus,,,,,,,
144.8,,133.2,,121.5,,109.8,"ÖKK, Hausarzt",134.7,,123.9,,113,,102.2
150.9,145.1,139.3,133.4,127.6,121.8,115.9,"Philos, PrimaCare, Ein Kind / Un enfant",140.4,135,129.6,124.1,118.7,113.3,107.8
113.2,108.9,104.5,100.1,95.7,91.4,87,"Philos, PrimaCare, Drei und mehr Kinder / Trois",105.3,101.3,97.2,93.1,89.1,85,80.9
,,,,,,,enfants et plus,,,,,,,
159.6,153.7,147.9,142.1,136.2,130.4,124.6,"Sana24, Med Direct",149.1,143.7,138.2,132.8,127.3,121.9,116.4
61.6,57.3,53,48.8,44.5,40.2,35.9,"Sana24, Med Direct, ab 3. Kind / dès le 3ème enfant",57.6,53.6,49.6,45.6,41.6,37.6,33.6
148.6,142.8,137,131.1,125.3,119.5,113.6,"Sanitas, CareMed",138.4,133,127.6,122.1,116.7,111.3,105.8
150.1,144.3,138.5,132.6,126.8,121,115.1,"Sanitas, NetMed 1",139.8,134.4,129,123.5,118.1,112.7,107.2
150.1,144.3,138.5,132.6,126.8,121,115.1,"Sanitas, NetMed 2",139.8,134.4,129,123.5,118.1,112.7,107.2
150.1,144.3,138.5,132.6,126.8,121,115.1,"Sanitas, NetMed 3",139.8,134.4,129,123.5,118.1,112.7,107.2
129.2,123.4,117.6,111.7,105.9,100.1,94.2,"Supra, PrimaCare, Ein Kind / Un enfant",120.2,114.8,109.4,103.9,98.5,93.1,87.7
96.9,92.6,88.2,83.8,79.5,75.1,70.7,"Supra, PrimaCare, Drei und mehr Kinder / Trois",90.2,86.1,82.1,78,73.9,69.9,65.8
,,,,,,,enfants et plus,,,,,,,
164.6,,152.9,,142.9,,131.2,"Swica, FAVORIT CASA",153.1,,142.2,,132.9,,122.1
68.7,,57,,46,,37.3,"Swica, FAVORIT CASA, ab 3. Kind / dès le 3ème",63.9,,53,,42.8,,34.7
,,,,,,,enfant,,,,,,,
164.6,,152.9,,142.9,,131.2,"Swica, FAVORIT MEDICA",153.1,,142.2,,132.9,,122.1
68.7,,57,,46,,37.3,"Swica, FAVORIT MEDICA, ab 3. Kind / dès le 3ème",63.9,,53,,42.8,,34.7
,,,,,,,enfant,,,,,,,
143,,134.6,,123,,111.3,"Swica, FAVORIT MEDPHARM",133,,125.2,,114.4,,103.5
59.6,,49.4,,37.7,,37.3,"Swica, FAVORIT MEDPHARM, ab 3. Kind / dès le",55.5,,45.9,,35.1,,34.7
,,,,,,,3ème enfant,,,,,,,
152.1,,141.3,,129.6,,118,"Swica, FAVORIT MULTICHOICE",141.5,,131.4,,120.6,,109.7
63.5,,52.1,,40.5,,37.3,"Swica, FAVORIT MULTICHOICE, ab 3. Kind / dès le",59,,48.5,,37.6,,34.7
,,,,,,,3ème enfant,,,,,,,
138,132.2,126.3,120.5,114.7,108.8,103,"Visana, Med Direct",129,123.5,118.1,112.6,107.2,101.7,96.3
60.2,54.4,48.6,42.7,36.9,36.8,36.8,"Visana, Med Direct, ab 3. Kind / dès le 3ème enfant",56.3,50.9,45.4,40,34.5,34.4,34.4
164.6,158.8,152.9,147.1,141.3,135.4,129.6,"Vivacare, Med Direct",153.8,148.4,142.9,137.5,132,126.6,121.1
63.5,59.1,54.7,50.3,45.9,41.4,37,"Vivacare, Med Direct, ab 3. Kind / dès le 3ème enfant",59.4,55.3,51.2,47,42.9,38.8,34.6
137.1,,125.4,,113.8,,102.1,"Vivao Sympany, callmed 24",127.6,,116.7,,105.9,,95
138.6,,127,,115.3,,103.6,"Vivao Sympany, casamed hausarzt",128.9,,118.2,,107.3,,96.4
134,,122.4,,110.7,,99,"Vivao Sympany, casamed pharm",124.7,,113.9,,103,,92.1
"Bundesamt für Gesundheit, 3003 Bern",,,,,,,,,September 2023,,,,,
"Office fédéral de la santé publique, 3003 Berne",,,,,,,24/28,,Septembre 2023,,,review-2023-09-24,,
,,,,,,Prämien – Hausarztmodell,,,,,,,,
,,,,,,Primes – Médecin de famille,,,,,,,,
Mit Unfall / avec risque accidents,,,,,,,2024,VD,,Ohne Unfall / sans risque accidents,,,,
Franchise / Franchise,,,,,,,Kinder / Enfants,,,,,Franchise / Franchise,,
0,100,200,300,400,500,600,Region / Région 2,0,100,200,300,400,500,600
124.2,118.4,112.6,106.7,100.9,95.1,89.2,"Assura, Hausarzt Modell, Ein Kind / Un enfant",115.6,110.2,104.8,99.3,93.9,88.5,83
122.5,116.7,110.9,105,99.2,93.4,87.5,"Assura, Hausarzt Modell, Zwei Kinder / Deux enfants",114,108.6,103.2,97.7,92.3,86.9,81.4
120.9,115.1,109.3,103.4,97.6,91.8,85.9,"Assura, Hausarzt Modell, Drei und mehr Kinder / Trois",112.5,107.1,101.7,96.2,90.8,85.4,79.9
,,,,,,,enfants et plus,,,,,,,
121.6,115.8,110,104.1,98.3,92.5,86.6,"Assura, PharMed, Ein Kind / Un enfant",113.1,107.7,102.3,96.9,91.5,86.1,80.6
119.9,114.1,108.3,102.4,96.6,90.8,84.9,"Assura, PharMed, Zwei Kinder / Deux enfants",111.6,106.2,100.8,95.3,89.9,84.5,79
118.3,112.5,106.7,100.8,95,89.2,83.3,"Assura, PharMed, Drei und mehr Kinder / Trois",110.1,104.7,99.3,93.8,88.4,83,77.5
,,,,,,,enfants et plus,,,,,,,
129.8,124,118.2,112.3,106.5,100.7,94.8,"Assura, PreventoMed, Ein Kind / Un enfant",120.8,115.4,110,104.5,99.1,93.7,88.2
128,122.2,116.4,110.5,104.7,98.9,93,"Assura, PreventoMed, Zwei Kinder / Deux enfants",119.1,113.7,108.3,102.8,97.4,92,86.5
126.3,120.5,114.7,108.8,103,97.2,91.3,"Assura, PreventoMed, Drei und mehr Kinder / Trois",117.5,112.1,106.7,101.2,95.8,90.4,85
,,,,,,,enfants et plus,,,,,,,
119.6,113.8,108,102.1,96.3,90.5,84.6,"Assura, Qualimed, Ein Kind / Un enfant",111.3,105.9,100.5,95,89.6,84.2,78.7
117.9,112.1,106.3,100.4,94.6,88.8,82.9,"Assura, Qualimed, Zwei Kinder / Deux enfants",109.7,104.3,98.9,93.4,88,82.6,77.1
116.3,110.5,104.7,98.8,93,87.2,81.3,"Assura, Qualimed, Drei und mehr Kinder / Trois",108.2,102.8,97.4,91.9,86.5,81.1,75.7
,,,,,,,enfants et plus,,,,,,,
134.4,128.6,122.8,116.9,111.1,105.3,99.4,"Avenir, PrimaCare, Ein Kind / Un enfant",125,119.6,114.3,108.8,103.4,98,92.5
100.8,96.5,92.1,87.7,83.4,79,74.6,"Avenir, PrimaCare, Drei und mehr Kinder / Trois",93.8,89.7,85.8,81.6,77.6,73.5,69.4
,,,,,,,enfants et plus,,,,,,,
130.7,124.9,119.1,113.2,107.4,101.6,95.7,"Concordia, MyDoc",123.6,118.1,112.6,107,101.5,96.1,90.5
61.9,56.1,50.3,44.4,38.6,37.5,37.5,"Concordia, MyDoc, ab 3. Kind / dès le 3ème enfant",58.5,53.1,47.6,42,36.5,35.5,35.5
115.3,109.5,103.7,97.8,92,,80.3,"CSS, Gesundheitspraxisversicherung T1",107.3,101.9,96.5,91,85.6,,74.7
116.7,110.9,105.1,99.2,93.4,,81.7,"CSS, Gesundheitspraxisversicherung T2",108.5,103.1,97.8,92.3,86.9,,76
118.1,112.3,106.5,100.6,94.8,,83.1,"CSS, Gesundheitspraxisversicherung T3",109.8,104.4,99,93.5,88.2,,77.3
114.3,108.5,102.7,96.8,91,,79.3,"CSS, Hausarztversicherung Profit",106.3,100.9,95.5,90,84.6,,73.7
119.9,114.1,108.3,102.4,96.6,,84.9,"CSS, Multimed",111.5,106.1,100.7,95.3,89.9,,79
139.8,134,128.2,122.3,116.5,110.7,104.8,"Easy Sana, PrimaCare, Ein Kind / Un enfant",130.1,124.7,119.3,113.8,108.4,103,97.5
104.9,100.5,96.2,91.8,87.4,83.1,78.6,"Easy Sana, PrimaCare, Drei und mehr Kinder / Trois",97.6,93.6,89.5,85.4,81.3,77.3,73.2
,,,,,,,enfants et plus,,,,,,,
118.3,117.3,116.3,115.3,114.3,113.3,,"EGK, EGK-Care",111.3,110.3,109.4,108.4,107.5,106.6,
92.4,91.5,90.5,89.5,88.5,87.5,,"EGK, EGK-Care, ab 3. Kind / dès le 3ème enfant",86.9,86.1,85.1,84.2,83.2,82.3,
169.4,163.6,157.8,151.9,146.1,140.3,134.4,"Galenos, Med Direct",157.6,152.2,146.7,141.3,135.9,130.5,125
68.1,62.3,56.5,50.6,44.8,43,43,"Galenos, Med Direct, ab 3. Kind / dès le 3ème enfant",63.4,58,52.5,47.1,41.7,40,40
126.4,,,,,97.3,,"Helsana, BeneFit PLUS Flexmed",117.6,,,,,90.5,
50.5,,,,,32.3,,"Helsana, BeneFit PLUS Flexmed, ab 3. Kind / dès le",47,,,,,30.1,
,,,,,,,3ème enfant,,,,,,,
126.4,,,,,97.3,,"Helsana, BeneFit PLUS Hausarzt R1",117.6,,,,,90.5,
50.5,,,,,32.3,,"Helsana, BeneFit PLUS Hausarzt R1, ab 3. Kind / dès",47,,,,,30.1,
,,,,,,,le 3ème enfant,,,,,,,
129.4,,,,,100.3,,"Helsana, BeneFit PLUS Hausarzt R2",120.4,,,,,93.3,
51.7,,,,,32.3,,"Helsana, BeneFit PLUS Hausarzt R2, ab 3. Kind / dès",48.1,,,,,30.1,
,,,,,,,le 3ème enfant,,,,,,,
132.4,,,,,103.3,,"Helsana, BeneFit PLUS Hausarzt R3",123.2,,,,,96.1,
52.9,,,,,32.3,,"Helsana, BeneFit PLUS Hausarzt R3, ab 3. Kind / dès",49.2,,,,,30.1,
,,,,,,,le 3ème enfant,,,,,,,
135.4,,,,,106.3,,"Helsana, BeneFit PLUS Hausarzt R4",126,,,,,98.9,
54.1,,,,,32.3,,"Helsana, BeneFit PLUS Hausarzt R4, ab 3. Kind / dès",50.4,,,,,30.1,
,,,,,,,le 3ème enfant,,,,,,,
118.2,,108.3,,98.3,,88.4,"KPT, KPTwin.doc",109.9,,100.7,,91.4,,82.2
142.5,136.7,130.9,125,119.2,113.4,107.5,"Mutuel, PrimaCare, Ein Kind / Un enfant",132.6,127.2,121.8,116.3,110.9,105.5,100
"Bundesamt für Gesundheit, 3003 Bern",,,,,,,,,September 2023,,,,,
"Office fédéral de la santé publique, 3003 Berne",,,,,,,25/28,,Septembre 2023,,,review-2023-09-24,,
Mit Unfall / avec risque accidents,,,,,,,2024,VD,,Ohne Unfall / sans risque accidents,,,,
Franchise / Franchise,,,,,,,Kinder / Enfants,,,,,Franchise / Franchise,,
0,100,200,300,400,500,600,Region / Région 2,0,100,200,300,400,500,600
106.9,102.6,98.2,93.8,89.4,85.1,80.7,"Mutuel, PrimaCare, Drei und mehr Kinder / Trois",99.5,95.4,91.4,87.3,83.2,79.2,75
,,,,,,,enfants et plus,,,,,,,
137.9,,126.3,,114.6,,102.9,"ÖKK, Hausarzt",128.3,,117.5,,106.6,,95.7
135.8,130,124.2,118.3,112.5,106.7,100.8,"Philos, PrimaCare, Ein Kind / Un enfant",126.3,120.9,115.6,110.1,104.7,99.3,93.8
101.9,97.5,93.2,88.8,84.4,80.1,75.6,"Philos, PrimaCare, Drei und mehr Kinder / Trois",94.8,90.7,86.7,82.6,78.6,74.5,70.4
,,,,,,,enfants et plus,,,,,,,
152,146.2,140.3,134.5,128.7,122.8,117,"Sana24, Med Direct",142.1,136.6,131.2,125.7,120.3,114.8,109.4
58.7,54.6,50.5,46.5,42.4,38.3,34.2,"Sana24, Med Direct, ab 3. Kind / dès le 3ème enfant",54.9,51.1,47.3,43.5,39.6,35.8,32
147.8,142,136.2,130.3,124.5,118.7,112.8,"Sanitas, CareMed",137.7,132.3,126.9,121.4,116,110.6,105.1
149.3,143.5,137.7,131.8,126,120.2,114.3,"Sanitas, NetMed 1",139,133.6,128.2,122.8,117.4,112,106.5
149.3,143.5,137.7,131.8,126,120.2,114.3,"Sanitas, NetMed 2",139,133.6,128.2,122.8,117.4,112,106.5
149.3,143.5,137.7,131.8,126,120.2,114.3,"Sanitas, NetMed 3",139,133.6,128.2,122.8,117.4,112,106.5
121.5,115.7,109.9,104,98.2,92.4,86.5,"Supra, PrimaCare, Ein Kind / Un enfant",113,107.7,102.3,96.8,91.4,86,80.5
91.2,86.8,82.5,78,73.7,69.3,64.9,"Supra, PrimaCare, Drei und mehr Kinder / Trois",84.8,80.8,76.8,72.6,68.6,64.5,60.4
,,,,,,,enfants et plus,,,,,,,
159,,147.3,,136.4,,124.7,"Swica, FAVORIT CASA",147.8,,137,,126.9,,116
66.3,,54.7,,43.3,,35.9,"Swica, FAVORIT CASA, ab 3. Kind / dès le 3ème",61.7,,50.8,,40.3,,33.3
,,,,,,,enfant,,,,,,,
158.2,,146.5,,136.4,,124.7,"Swica, FAVORIT MEDICA",147.1,,136.2,,126.9,,116
66,,54.3,,43.3,,35.9,"Swica, FAVORIT MEDICA, ab 3. Kind / dès le 3ème",61.4,,50.5,,40.3,,33.3
,,,,,,,enfant,,,,,,,
135.8,,127.3,,115.7,,104,"Swica, FAVORIT MEDPHARM",126.3,,118.4,,107.6,,96.7
56.7,,46.4,,35.9,,35.9,"Swica, FAVORIT MEDPHARM, ab 3. Kind / dès le",52.7,,43.2,,33.3,,33.3
,,,,,,,3ème enfant,,,,,,,
146.2,,135.3,,123.6,,112,"Swica, FAVORIT MULTICHOICE",135.9,,125.8,,115,,104.1
61,,49.7,,38,,35.9,"Swica, FAVORIT MULTICHOICE, ab 3. Kind / dès le",56.7,,46.2,,35.3,,33.3
,,,,,,,3ème enfant,,,,,,,
132.4,126.6,120.8,114.9,109.1,103.3,97.4,"Visana, Med Direct",123.8,118.4,112.9,107.5,102,96.5,91.1
57.8,52.1,46.1,40.3,35.3,35.3,35.3,"Visana, Med Direct, ab 3. Kind / dès le 3ème enfant",54.1,48.7,43.2,37.7,33,33,33
156,150.1,144.3,138.5,132.6,126.8,121,"Vivacare, Med Direct",145.8,140.3,134.9,129.4,124,118.5,113.1
60.2,56,51.9,47.7,43.5,39.3,35.1,"Vivacare, Med Direct, ab 3. Kind / dès le 3ème enfant",56.3,52.4,48.5,44.6,40.7,36.7,32.8
139.6,,127.9,,116.2,,104.6,"Vivao Sympany, callmed 24",129.9,,119,,108.1,,97.3
141.1,,129.5,,117.8,,106.1,"Vivao Sympany, casamed hausarzt",131.3,,120.5,,109.6,,98.7
136.4,,124.8,,113.1,,101.4,"Vivao Sympany, casamed pharm",126.9,,116.1,,105.2,,94.4
"Bundesamt für Gesundheit, 3003 Bern",,,,,,,,,September 2023,,,,,
"Office fédéral de la santé publique, 3003 Berne",,,,,,,26/28,,Septembre 2023,,,review-2023-09-24,,
,,,,,,,Prämien – HMO,,,,,,,
,,,,,,,Primes – HMO,,,,,,,
Mit Unfall / avec risque accidents,,,,,,,2024,VD,,Ohne Unfall / sans risque accidents,,,,
Franchise / Franchise,,,,,,,Kinder / Enfants,,,,,Franchise / Franchise,,
0,100,200,300,400,500,600,Region / Région 1,0,100,200,300,400,500,600
135.7,129.9,124.1,,112.4,,100.7,"Atupri, HMO",128.9,123.4,117.9,,106.8,,95.7
141.4,135.6,129.8,123.9,118.1,112.3,106.4,"Avenir, OptiMed, Ein Kind / Un enfant",131.6,126.2,120.8,115.3,109.9,104.5,99
106.1,101.7,97.4,93,88.6,84.3,79.8,"Avenir, OptiMed, Drei und mehr Kinder / Trois enfants",98.7,94.6,90.6,86.5,82.4,78.4,74.3
,,,,,,,et plus,,,,,,,
134.5,128.7,122.9,117,111.2,105.4,99.5,"Concordia, HMO",127.2,121.7,116.2,110.6,105.1,99.7,94.1
63.7,57.9,52.1,46.2,40.4,39.4,39.4,"Concordia, HMO, ab 3. Kind / dès le 3ème enfant",60.2,54.8,49.3,43.7,38.2,37.3,37.3
143.8,138,132.2,126.3,120.5,114.7,108.8,"Easy Sana, OptiMed, Ein Kind / Un enfant",133.8,128.4,123,117.5,112.1,106.7,101.2
107.9,103.5,99.2,94.8,90.4,86.1,81.6,"Easy Sana, OptiMed, Drei und mehr Kinder / Trois",100.4,96.3,92.3,88.2,84.1,80.1,75.9
,,,,,,,enfants et plus,,,,,,,
206.2,200.4,194.5,188.7,182.9,177,171.2,"Galenos, Managed Care",191.8,186.4,180.9,175.5,170.1,164.7,159.2
83.1,77.3,71.4,65.6,59.8,53.9,48.1,"Galenos, Managed Care, ab 3. Kind / dès le 3ème",77.3,71.9,66.5,61,55.6,50.2,44.8
,,,,,,,enfant,,,,,,,
119.4,,110.5,,101.6,,92.5,"KPT, KPTwin.plus",111,,102.7,,94.4,,86
143.5,137.7,131.9,126,120.2,114.4,108.5,"Mutuel, OptiMed, Ein Kind / Un enfant",133.5,128.1,122.7,117.2,111.8,106.4,101
107.7,103.3,99,94.5,90.2,85.8,81.4,"Mutuel, OptiMed, Drei und mehr Kinder / Trois enfants",100.2,96.1,92.1,87.9,83.9,79.8,75.8
,,,,,,,et plus,,,,,,,
148.7,,137.1,,125.4,,113.7,"ÖKK, Gesundheitszentrum",138.3,,127.6,,116.7,,105.8
146,140.2,134.4,128.5,122.7,116.9,111,"Philos, OptiMed, Ein Kind / Un enfant",135.8,130.4,125,119.6,114.2,108.8,103.3
109.5,105.2,100.8,96.4,92.1,87.7,83.3,"Philos, OptiMed, Drei und mehr Kinder / Trois enfants",101.9,97.9,93.8,89.7,85.7,81.6,77.5
,,,,,,,et plus,,,,,,,
153.9,148.1,142.3,136.4,130.6,124.8,118.9,"Sana24, Managed Care ohne Capitation",143.9,138.4,133,127.5,122.1,116.6,111.2
59.4,55.3,51.2,47,42.9,38.8,34.6,"Sana24, Managed Care ohne Capitation, ab 3. Kind /",55.6,51.7,47.9,44,40.1,36.3,32.4
,,,,,,,dès le 3ème enfant,,,,,,,
143.3,137.5,131.6,125.8,120,114.1,108.3,"Sana24, Managed Care",134,128.5,123.1,117.6,112.2,106.7,101.3
55.4,51.5,47.7,43.8,40,36.1,33.5,"Sana24, Managed Care, ab 3. Kind / dès le 3ème",51.8,48.2,44.6,41,37.4,33.8,31.3
,,,,,,,enfant,,,,,,,
150.1,144.3,138.5,132.6,126.8,121,115.1,"Sanitas, Medbase MultiAccess",139.8,134.4,129,123.5,118.1,112.7,107.2
142.2,,133.8,,122.1,,110.5,"Swica, FAVORIT SANTE",132.2,,124.4,,113.6,,102.7
59.3,,49,,37.4,,37.3,"Swica, FAVORIT SANTE, ab 3. Kind / dès le 3ème",55.2,,45.6,,34.7,,34.7
,,,,,,,enfant,,,,,,,
130.8,125,119.1,113.3,107.5,101.6,95.8,"Visana, Managed Care",122.3,116.8,111.4,105.9,100.5,95,89.6
57.1,51.4,45.4,39.6,36.8,36.8,36.8,"Visana, Managed Care, ab 3. Kind / dès le 3ème",53.4,48.1,42.5,37,34.4,34.4,34.4
,,,,,,,enfant,,,,,,,
157.6,151.8,145.9,140.1,134.3,128.4,122.6,"Vivacare, Managed Care",147.3,141.9,136.4,131,125.5,120.1,114.6
60.9,56.6,52.4,48.2,43.9,39.7,36.4,"Vivacare, Managed Care, ab 3. Kind / dès le 3ème",56.9,53,49,45,41.1,37.1,34
,,,,,,,enfant,,,,,,,
132.5,,120.8,,109.2,,97.5,"Vivao Sympany, casamed hmo",123.3,,112.4,,101.6,,90.7
"Bundesamt für Gesundheit, 3003 Bern",,,,,,,,,September 2023,,,,,
"Office fédéral de la santé publique, 3003 Berne",,,,,,,27/28,,Septembre 2023,,,review-2023-09-24,,
,,,,,,,Prämien – HMO,,,,,,,
,,,,,,,Primes – HMO,,,,,,,
Mit Unfall / avec risque accidents,,,,,,,2024,VD,,Ohne Unfall / sans risque accidents,,,,
Franchise / Franchise,,,,,,,Kinder / Enfants,,,,,Franchise / Franchise,,
0,100,200,300,400,500,600,Region / Région 2,0,100,200,300,400,500,600
129.9,124.1,118.3,,106.6,,94.9,"Atupri, HMO",123.4,117.9,112.4,,101.3,,90.2
131.5,125.7,119.9,114,108.2,102.4,96.5,"Avenir, OptiMed, Ein Kind / Un enfant",122.3,117,111.6,106.1,100.7,95.3,89.8
98.7,94.3,90,85.5,81.2,76.8,72.4,"Avenir, OptiMed, Drei und mehr Kinder / Trois enfants",91.8,87.7,83.7,79.6,75.6,71.5,67.4
,,,,,,,et plus,,,,,,,
127.7,121.9,116.1,110.2,104.4,98.6,92.7,"Concordia, HMO",120.7,115.2,109.8,104.2,98.7,93.2,87.7
60.5,54.7,48.9,43,37.5,37.5,37.5,"Concordia, HMO, ab 3. Kind / dès le 3ème enfant",57.2,51.7,46.3,40.7,35.5,35.5,35.5
133.7,127.9,122.1,116.2,110.4,104.6,98.7,"Easy Sana, OptiMed, Ein Kind / Un enfant",124.4,119,113.6,108.1,102.7,97.3,91.8
100.3,96,91.6,87.2,82.8,78.5,74.1,"Easy Sana, OptiMed, Drei und mehr Kinder / Trois",93.3,89.3,85.2,81.1,77.1,73.1,69
,,,,,,,enfants et plus,,,,,,,
188.3,182.4,176.6,170.8,164.9,159.1,153.3,"Galenos, Managed Care",175.1,169.7,164.3,158.8,153.4,148,142.6
75.7,69.8,64,58.2,52.3,46.5,43,"Galenos, Managed Care, ab 3. Kind / dès le 3ème",70.4,65,59.6,54.1,48.7,43.3,40
,,,,,,,enfant,,,,,,,
111.2,,102,,92.6,,83.3,"KPT, KPTwin.plus",103.4,,94.8,,86.1,,77.4
136.3,130.5,124.7,118.8,113,107.2,101.3,"Mutuel, OptiMed, Ein Kind / Un enfant",126.8,121.4,116,110.5,105.1,99.7,94.3
102.3,97.9,93.6,89.1,84.8,80.4,76,"Mutuel, OptiMed, Drei und mehr Kinder / Trois enfants",95.2,91.1,87.1,82.9,78.9,74.8,70.7
,,,,,,,et plus,,,,,,,
141.6,,130,,118.3,,106.6,"ÖKK, Gesundheitszentrum",131.7,,120.9,,110.1,,99.2
131.4,125.6,119.8,113.9,108.1,102.3,96.4,"Philos, OptiMed, Ein Kind / Un enfant",122.3,116.9,111.5,106,100.6,95.2,89.7
98.6,94.2,89.9,85.5,81.1,76.8,72.3,"Philos, OptiMed, Drei und mehr Kinder / Trois enfants",91.7,87.7,83.7,79.6,75.5,71.5,67.3
,,,,,,,et plus,,,,,,,
146.6,140.8,135,129.1,123.3,117.5,111.6,"Sana24, Managed Care ohne Capitation",137.1,131.6,126.2,120.7,115.3,109.8,104.4
56.6,52.7,48.8,44.8,40.9,37,33,"Sana24, Managed Care ohne Capitation, ab 3. Kind /",53,49.3,45.6,41.9,38.3,34.6,30.9
,,,,,,,dès le 3ème enfant,,,,,,,
135.9,130.1,124.3,118.4,112.6,106.8,100.9,"Sana24, Managed Care",127.1,121.6,116.2,110.7,105.3,99.8,94.4
52.5,48.9,45.2,41.6,37.9,34.3,31.9,"Sana24, Managed Care, ab 3. Kind / dès le 3ème",49.1,45.7,42.3,38.9,35.5,32.1,29.9
,,,,,,,enfant,,,,,,,
149.3,143.5,137.7,131.8,126,120.2,114.3,"Sanitas, Medbase MultiAccess",139,133.6,128.2,122.8,117.4,112,106.5
136.6,,128.1,,116.5,,104.8,"Swica, FAVORIT SANTE",127,,119.2,,108.3,,97.5
57,,46.7,,35.9,,35.9,"Swica, FAVORIT SANTE, ab 3. Kind / dès le 3ème",53,,43.4,,33.3,,33.3
,,,,,,,enfant,,,,,,,
125.4,119.6,113.7,107.9,102.1,96.2,90.4,"Visana, Managed Care",117.2,111.8,106.3,100.9,95.4,90,84.5
54.7,49.3,43.3,37.2,35.3,35.3,35.3,"Visana, Managed Care, ab 3. Kind / dès le 3ème",51.2,46.1,40.5,34.8,33,33,33
,,,,,,,enfant,,,,,,,
149.3,143.5,137.7,131.8,126,120.2,114.3,"Vivacare, Managed Care",139.6,134.1,128.7,123.2,117.8,112.3,106.9
57.7,53.7,49.7,45.7,41.6,37.6,34.5,"Vivacare, Managed Care, ab 3. Kind / dès le 3ème",53.9,50.2,46.4,42.7,38.9,35.2,32.3
,,,,,,,enfant,,,,,,,
134.9,,123.2,,111.5,,99.9,"Vivao Sympany, casamed hmo",125.5,,114.6,,103.7,,93
"Bundesamt für Gesundheit, 3003 Bern",,,,,,,,,September 2023,,,,,
"Office fédéral de la santé publique, 3003 Berne",,,,,,,28/28,,Septembre 2023,,,review-2023-09-24,,
